database_code	domain_name	database_group	language_code	language_name	status	visibility	editability	english_name
aawiki	aa.wikipedia.org	wikipedia	aa	Afar	closed	public	public	Afar Wikipedia
aawikibooks	aa.wikibooks.org	wikibooks	aa	Afar	closed	public	public	Afar Wikibooks
aawiktionary	aa.wiktionary.org	wiktionary	aa	Afar	closed	public	public	Afar Wiktionary
abwiki	ab.wikipedia.org	wikipedia	ab	Abkhazian	open	public	public	Abkhazian Wikipedia
abwiktionary	ab.wiktionary.org	wiktionary	ab	Abkhazian	closed	public	public	Abkhazian Wiktionary
acewiki	ace.wikipedia.org	wikipedia	ace	Achinese	open	public	public	Achinese Wikipedia
advisorswiki	advisors.wikimedia.org	advisors	en	English	open	private	private	Wikimedia Advisors
advisorywiki	advisory.wikimedia.org	advisory	en	English	closed	public	public	Advisory Board
adywiki	ady.wikipedia.org	wikipedia	ady	Adyghe	open	public	public	Adyghe Wikipedia
afwiki	af.wikipedia.org	wikipedia	af	Afrikaans	open	public	public	Afrikaans Wikipedia
afwikibooks	af.wikibooks.org	wikibooks	af	Afrikaans	open	public	public	Afrikaans Wikibooks
afwikiquote	af.wikiquote.org	wikiquote	af	Afrikaans	open	public	public	Afrikaans Wikiquote
afwiktionary	af.wiktionary.org	wiktionary	af	Afrikaans	open	public	public	Afrikaans Wiktionary
akwiki	ak.wikipedia.org	wikipedia	ak	Akan	closed	public	public	Akan Wikipedia
akwikibooks	ak.wikibooks.org	wikibooks	ak	Akan	closed	public	public	Akan Wikibooks
akwiktionary	ak.wiktionary.org	wiktionary	ak	Akan	closed	public	public	Akan Wiktionary
alswiki	als.wikipedia.org	wikipedia	als	Alsatian	open	public	public	Alemannisch Wikipedia
altwiki	alt.wikipedia.org	wikipedia	alt	Southern Altai	open	public	public	Altai Wikipedia
amiwiki	ami.wikipedia.org	wikipedia	ami	Amis	open	public	public	Amis Wikipedia
amwiki	am.wikipedia.org	wikipedia	am	Amharic	open	public	public	Amharic Wikipedia
amwikimedia	am.wikimedia.org	amwikimedia	en	English	open	public	private	Wikimedia Armenia
amwikiquote	am.wikiquote.org	wikiquote	am	Amharic	closed	public	public	Amharic Wikiquote
amwiktionary	am.wiktionary.org	wiktionary	am	Amharic	open	public	public	Amharic Wiktionary
angwiki	ang.wikipedia.org	wikipedia	ang	Old English	open	public	public	Old English Wikipedia
angwikibooks	ang.wikibooks.org	wikibooks	ang	Old English	closed	public	public	Old English Wikibooks
angwikiquote	ang.wikiquote.org	wikiquote	ang	Old English	closed	public	public	Old English Wikiquote
angwikisource	ang.wikisource.org	wikisource	ang	Old English	closed	public	public	Old English Wikisource
angwiktionary	ang.wiktionary.org	wiktionary	ang	Old English	open	public	public	Old English Wiktionary
anpwiki	anp.wikipedia.org	wikipedia	anp	Angika	open	public	public	Angika Wikipedia
anwiki	an.wikipedia.org	wikipedia	an	Aragonese	open	public	public	Aragonese Wikipedia
anwiktionary	an.wiktionary.org	wiktionary	an	Aragonese	open	public	public	Aragonese Wiktionary
apiportalwiki	api.wikimedia.org	apiportal	en	English	open	public	public	Wikimedia Api Portal
arbcom_cswiki	arbcom-cs.wikipedia.org	arbcom-cs	en	English	open	private	private	Czech Wikipedia Arbitration Committee
arbcom_dewiki	arbcom-de.wikipedia.org	arbcom-de	en	English	open	private	private	German Wikipedia Arbitration Committee
arbcom_enwiki	arbcom-en.wikipedia.org	arbcom-en	en	English	open	private	private	English Wikipedia Arbitration Committee
arbcom_fiwiki	arbcom-fi.wikipedia.org	arbcom-fi	en	English	open	private	private	Finnish Wikipedia Arbitration Committee
arbcom_nlwiki	arbcom-nl.wikipedia.org	arbcom-nl	en	English	open	private	private	Dutch Wikipedia Arbitration Committee
arbcom_ruwiki	arbcom-ru.wikipedia.org	arbcom-ru	en	English	open	private	private	Russian Wikipedia Arbitration Committee
arcwiki	arc.wikipedia.org	wikipedia	arc	Aramaic	open	public	public	Syriac Wikipedia
arwiki	ar.wikipedia.org	wikipedia	ar	Arabic	open	public	public	Arabic Wikipedia
arwikibooks	ar.wikibooks.org	wikibooks	ar	Arabic	open	public	public	Arabic Wikibooks
arwikimedia	ar.wikimedia.org	arwikimedia	en	English	open	public	public	Wikimedia Argentina
arwikinews	ar.wikinews.org	wikinews	ar	Arabic	open	public	public	Arabic Wikinews
arwikiquote	ar.wikiquote.org	wikiquote	ar	Arabic	open	public	public	Arabic Wikiquote
arwikisource	ar.wikisource.org	wikisource	ar	Arabic	open	public	public	Arabic Wikisource
arwikiversity	ar.wikiversity.org	wikiversity	ar	Arabic	open	public	public	Arabic Wikiversity
arwiktionary	ar.wiktionary.org	wiktionary	ar	Arabic	open	public	public	Arabic Wiktionary
arywiki	ary.wikipedia.org	wikipedia	ary	Moroccan Arabic	open	public	public	Moroccan Arabic Wikipedia
arzwiki	arz.wikipedia.org	wikipedia	arz	Egyptian Arabic	open	public	public	Egyptian Arabic Wikipedia
astwiki	ast.wikipedia.org	wikipedia	ast	Asturian	open	public	public	Asturian Wikipedia
astwikibooks	ast.wikibooks.org	wikibooks	ast	Asturian	closed	public	public	Asturian Wikibooks
astwikiquote	ast.wikiquote.org	wikiquote	ast	Asturian	closed	public	public	Asturian Wikiquote
astwiktionary	ast.wiktionary.org	wiktionary	ast	Asturian	open	public	public	Asturian Wiktionary
aswiki	as.wikipedia.org	wikipedia	as	Assamese	open	public	public	Assamese Wikipedia
aswikibooks	as.wikibooks.org	wikibooks	as	Assamese	closed	public	public	Assamese Wikibooks
aswikiquote	as.wikiquote.org	wikiquote	as	Assamese	open	public	public	Assamese Wikiquote
aswikisource	as.wikisource.org	wikisource	as	Assamese	open	public	public	Assamese Wikisource
aswiktionary	as.wiktionary.org	wiktionary	as	Assamese	closed	public	public	Assamese Wiktionary
atjwiki	atj.wikipedia.org	wikipedia	atj	Atikamekw	open	public	public	Atikamekw Wikipedia
auditcomwiki	auditcom.wikimedia.org	auditcom	en	English	open	private	private	Audit Committee
avkwiki	avk.wikipedia.org	wikipedia	avk	Kotava	open	public	public	Kotava Wikipedia
avwiki	av.wikipedia.org	wikipedia	av	Avaric	open	public	public	Avaric Wikipedia
avwiktionary	av.wiktionary.org	wiktionary	av	Avaric	closed	public	public	Avaric Wiktionary
awawiki	awa.wikipedia.org	wikipedia	awa	Awadhi	open	public	public	Awadhi Wikipedia
aywiki	ay.wikipedia.org	wikipedia	ay	Aymara	open	public	public	Aymara Wikipedia
aywikibooks	ay.wikibooks.org	wikibooks	ay	Aymara	closed	public	public	Aymara Wikibooks
aywiktionary	ay.wiktionary.org	wiktionary	ay	Aymara	open	public	public	Aymara Wiktionary
azbwiki	azb.wikipedia.org	wikipedia	azb	South Azerbaijani	open	public	public	South Azerbaijani Wikipedia
azwiki	az.wikipedia.org	wikipedia	az	Azerbaijani	open	public	public	Azerbaijani Wikipedia
azwikibooks	az.wikibooks.org	wikibooks	az	Azerbaijani	open	public	public	Azerbaijani Wikibooks
azwikimedia	az.wikimedia.org	azwikimedia	en	English	open	public	private	Azerbaijani Wikimedians User Group
azwikiquote	az.wikiquote.org	wikiquote	az	Azerbaijani	open	public	public	Azerbaijani Wikiquote
azwikisource	az.wikisource.org	wikisource	az	Azerbaijani	open	public	public	Azerbaijani Wikisource
azwiktionary	az.wiktionary.org	wiktionary	az	Azerbaijani	open	public	public	Azerbaijani Wiktionary
banwiki	ban.wikipedia.org	wikipedia	ban	Balinese	open	public	public	Balinese Wikipedia
banwikisource	ban.wikisource.org	wikisource	ban	Balinese	open	public	public	Balinese Wikisource
barwiki	bar.wikipedia.org	wikipedia	bar	Bavarian	open	public	public	Bavarian Wikipedia
bat_smgwiki	bat-smg.wikipedia.org	wikipedia	bat-smg	Samogitian	open	public	public	Samogitian Wikipedia
bawiki	ba.wikipedia.org	wikipedia	ba	Bashkir	open	public	public	Bashkir Wikipedia
bawikibooks	ba.wikibooks.org	wikibooks	ba	Bashkir	open	public	public	Bashkir Wikibooks
bclwiki	bcl.wikipedia.org	wikipedia	bcl	Central Bikol	open	public	public	Bikol Central Wikipedia
bclwikiquote	bcl.wikiquote.org	wikiquote	bcl	Central Bikol	open	public	public	Central Bikol Wikiquote
bclwiktionary	bcl.wiktionary.org	wiktionary	bcl	Central Bikol	open	public	public	Central Bikol Wiktionary
bdwikimedia	bd.wikimedia.org	bdwikimedia	en	English	open	public	public	Wikimedia Bangladesh
be_x_oldwiki	be-tarask.wikipedia.org	wikipedia	be-x-old	Belarusian (Taraškievica orthography)	open	public	public	Belarusian (Taraškievica) Wikipedia
betawikiversity	beta.wikiversity.org	betawikiversity	en	English	open	public	public	Wikiversity Beta
bewiki	be.wikipedia.org	wikipedia	be	Belarusian	open	public	public	Belarusian Wikipedia
bewikibooks	be.wikibooks.org	wikibooks	be	Belarusian	open	public	public	Belarusian Wikibooks
bewikimedia	be.wikimedia.org	bewikimedia	en	English	open	public	public	Wikimedia Belgium
bewikiquote	be.wikiquote.org	wikiquote	be	Belarusian	open	public	public	Belarusian Wikiquote
bewikisource	be.wikisource.org	wikisource	be	Belarusian	open	public	public	Belarusian Wikisource
bewiktionary	be.wiktionary.org	wiktionary	be	Belarusian	open	public	public	Belarusian Wiktionary
bgwiki	bg.wikipedia.org	wikipedia	bg	Bulgarian	open	public	public	Bulgarian Wikipedia
bgwikibooks	bg.wikibooks.org	wikibooks	bg	Bulgarian	open	public	public	Bulgarian Wikibooks
bgwikinews	bg.wikinews.org	wikinews	bg	Bulgarian	closed	public	public	Bulgarian Wikinews
bgwikiquote	bg.wikiquote.org	wikiquote	bg	Bulgarian	open	public	public	Bulgarian Wikiquote
bgwikisource	bg.wikisource.org	wikisource	bg	Bulgarian	open	public	public	Bulgarian Wikisource
bgwiktionary	bg.wiktionary.org	wiktionary	bg	Bulgarian	open	public	public	Bulgarian Wiktionary
bhwiki	bh.wikipedia.org	wikipedia	bh	Bhojpuri	open	public	public	Bhojpuri Wikipedia
bhwiktionary	bh.wiktionary.org	wiktionary	bh	Bhojpuri	closed	public	public	Bhojpuri Wiktionary
biwiki	bi.wikipedia.org	wikipedia	bi	Bislama	open	public	public	Bislama Wikipedia
biwikibooks	bi.wikibooks.org	wikibooks	bi	Bislama	closed	public	public	Bislama Wikibooks
biwiktionary	bi.wiktionary.org	wiktionary	bi	Bislama	closed	public	public	Bislama Wiktionary
bjnwiki	bjn.wikipedia.org	wikipedia	bjn	Banjar	open	public	public	Banjar Wikipedia
bjnwiktionary	bjn.wiktionary.org	wiktionary	bjn	Banjar	open	public	public	Banjar Wiktionary
blkwiki	blk.wikipedia.org	wikipedia	blk	Pa'O	open	public	public	Pa'O Wikipedia
bmwiki	bm.wikipedia.org	wikipedia	bm	Bambara	open	public	public	Bambara Wikipedia
bmwikibooks	bm.wikibooks.org	wikibooks	bm	Bambara	closed	public	public	Bambara Wikibooks
bmwikiquote	bm.wikiquote.org	wikiquote	bm	Bambara	closed	public	public	Bambara Wikiquote
bmwiktionary	bm.wiktionary.org	wiktionary	bm	Bambara	closed	public	public	Bambara Wiktionary
bnwiki	bn.wikipedia.org	wikipedia	bn	Bangla	open	public	public	Bengali Wikipedia
bnwikibooks	bn.wikibooks.org	wikibooks	bn	Bangla	open	public	public	Bengali Wikibooks
bnwikiquote	bn.wikiquote.org	wikiquote	bn	Bangla	open	public	public	Bengali Wikiquote
bnwikisource	bn.wikisource.org	wikisource	bn	Bangla	open	public	public	Bengali Wikisource
bnwikivoyage	bn.wikivoyage.org	wikivoyage	bn	Bangla	open	public	public	Bengali Wikivoyage
bnwiktionary	bn.wiktionary.org	wiktionary	bn	Bangla	open	public	public	Bengali Wiktionary
boardgovcomwiki	boardgovcom.wikimedia.org	boardgovcom	en	English	open	private	private	Board Governance Committee
boardwiki	board.wikimedia.org	board	en	English	open	private	private	Wikimedia Board
bowiki	bo.wikipedia.org	wikipedia	bo	Tibetan	open	public	public	Tibetan Wikipedia
bowikibooks	bo.wikibooks.org	wikibooks	bo	Tibetan	closed	public	public	Tibetan Wikibooks
bowiktionary	bo.wiktionary.org	wiktionary	bo	Tibetan	closed	public	public	Tibetan Wiktionary
bpywiki	bpy.wikipedia.org	wikipedia	bpy	Bishnupriya	open	public	public	Bishnupriya Wikipedia
brwiki	br.wikipedia.org	wikipedia	br	Breton	open	public	public	Breton Wikipedia
brwikimedia	br.wikimedia.org	brwikimedia	en	English	open	public	public	Wikimedia Brazil
brwikiquote	br.wikiquote.org	wikiquote	br	Breton	open	public	public	Breton Wikiquote
brwikisource	br.wikisource.org	wikisource	br	Breton	open	public	public	Breton Wikisource
brwiktionary	br.wiktionary.org	wiktionary	br	Breton	open	public	public	Breton Wiktionary
bswiki	bs.wikipedia.org	wikipedia	bs	Bosnian	open	public	public	Bosnian Wikipedia
bswikibooks	bs.wikibooks.org	wikibooks	bs	Bosnian	open	public	public	Bosnian Wikibooks
bswikinews	bs.wikinews.org	wikinews	bs	Bosnian	open	public	public	Bosnian Wikinews
bswikiquote	bs.wikiquote.org	wikiquote	bs	Bosnian	open	public	public	Bosnian Wikiquote
bswikisource	bs.wikisource.org	wikisource	bs	Bosnian	open	public	public	Bosnian Wikisource
bswiktionary	bs.wiktionary.org	wiktionary	bs	Bosnian	open	public	public	Bosnian Wiktionary
bugwiki	bug.wikipedia.org	wikipedia	bug	Buginese	open	public	public	Buginese Wikipedia
bxrwiki	bxr.wikipedia.org	wikipedia	bxr	Russia Buriat	open	public	public	Buryat Wikipedia
cawiki	ca.wikipedia.org	wikipedia	ca	Catalan	open	public	public	Catalan Wikipedia
cawikibooks	ca.wikibooks.org	wikibooks	ca	Catalan	open	public	public	Catalan Wikibooks
cawikimedia	ca.wikimedia.org	cawikimedia	en	English	open	public	public	Wikimedia Canada
cawikinews	ca.wikinews.org	wikinews	ca	Catalan	open	public	public	Catalan Wikinews
cawikiquote	ca.wikiquote.org	wikiquote	ca	Catalan	open	public	public	Catalan Wikiquote
cawikisource	ca.wikisource.org	wikisource	ca	Catalan	open	public	public	Catalan Wikisource
cawiktionary	ca.wiktionary.org	wiktionary	ca	Catalan	open	public	public	Catalan Wiktionary
cbk_zamwiki	cbk-zam.wikipedia.org	wikipedia	cbk-zam	Chavacano	open	public	public	Chavacano de Zamboanga Wikipedia
cdowiki	cdo.wikipedia.org	wikipedia	cdo	Min Dong Chinese	open	public	public	Min Dong Chinese Wikipedia
cebwiki	ceb.wikipedia.org	wikipedia	ceb	Cebuano	open	public	public	Cebuano Wikipedia
cewiki	ce.wikipedia.org	wikipedia	ce	Chechen	open	public	public	Chechen Wikipedia
chairwiki	chair.wikimedia.org	chair	en	English	open	private	private	Wikimedia Board Chair
chapcomwiki	affcom.wikimedia.org	chapcom	en	English	open	private	private	Affcom
checkuserwiki	checkuser.wikimedia.org	checkuser	en	English	open	private	private	CheckUser volunteers
chowiki	cho.wikipedia.org	wikipedia	cho	Choctaw	closed	public	public	Choctaw Wikipedia
chrwiki	chr.wikipedia.org	wikipedia	chr	Cherokee	open	public	public	Cherokee Wikipedia
chrwiktionary	chr.wiktionary.org	wiktionary	chr	Cherokee	open	public	public	Cherokee Wiktionary
chwiki	ch.wikipedia.org	wikipedia	ch	Chamorro	open	public	public	Chamorro Wikipedia
chwikibooks	ch.wikibooks.org	wikibooks	ch	Chamorro	closed	public	public	Chamorro Wikibooks
chwiktionary	ch.wiktionary.org	wiktionary	ch	Chamorro	closed	public	public	Chamorro Wiktionary
chywiki	chy.wikipedia.org	wikipedia	chy	Cheyenne	open	public	public	Cheyenne Wikipedia
ckbwiki	ckb.wikipedia.org	wikipedia	ckb	Central Kurdish	open	public	public	Central Kurdish Wikipedia
ckbwiktionary	ckb.wiktionary.org	wiktionary	ckb	Central Kurdish	open	public	public	Central Kurdish Wiktionary
cnwikimedia	cn.wikimedia.org	cnwikimedia	en	English	closed	public	private	Wikimedia China
collabwiki	collab.wikimedia.org	collab	en	English	open	private	private	Collab
commonswiki	commons.wikimedia.org	commons	en	English	open	public	public	Wikimedia Commons
cowiki	co.wikipedia.org	wikipedia	co	Corsican	open	public	public	Corsican Wikipedia
cowikibooks	co.wikibooks.org	wikibooks	co	Corsican	closed	public	public	Corsican Wikibooks
cowikimedia	co.wikimedia.org	cowikimedia	en	English	open	public	public	Wikimedia Colombia
cowikiquote	co.wikiquote.org	wikiquote	co	Corsican	closed	public	public	Corsican Wikiquote
cowiktionary	co.wiktionary.org	wiktionary	co	Corsican	open	public	public	Corsican Wiktionary
crhwiki	crh.wikipedia.org	wikipedia	crh	Crimean Tatar	open	public	public	Crimean Tatar Wikipedia
crwiki	cr.wikipedia.org	wikipedia	cr	Cree	open	public	public	Cree Wikipedia
crwikiquote	cr.wikiquote.org	wikiquote	cr	Cree	closed	public	public	Cree Wikiquote
crwiktionary	cr.wiktionary.org	wiktionary	cr	Cree	closed	public	public	Cree Wiktionary
csbwiki	csb.wikipedia.org	wikipedia	csb	Kashubian	open	public	public	Kashubian Wikipedia
csbwiktionary	csb.wiktionary.org	wiktionary	csb	Kashubian	open	public	public	Kashubian Wiktionary
cswiki	cs.wikipedia.org	wikipedia	cs	Czech	open	public	public	Czech Wikipedia
cswikibooks	cs.wikibooks.org	wikibooks	cs	Czech	open	public	public	Czech Wikibooks
cswikinews	cs.wikinews.org	wikinews	cs	Czech	open	public	public	Czech Wikinews
cswikiquote	cs.wikiquote.org	wikiquote	cs	Czech	open	public	public	Czech Wikiquote
cswikisource	cs.wikisource.org	wikisource	cs	Czech	open	public	public	Czech Wikisource
cswikiversity	cs.wikiversity.org	wikiversity	cs	Czech	open	public	public	Czech Wikiversity
cswiktionary	cs.wiktionary.org	wiktionary	cs	Czech	open	public	public	Czech Wiktionary
cuwiki	cu.wikipedia.org	wikipedia	cu	Church Slavic	open	public	public	Church Slavic Wikipedia
cvwiki	cv.wikipedia.org	wikipedia	cv	Chuvash	open	public	public	Chuvash Wikipedia
cvwikibooks	cv.wikibooks.org	wikibooks	cv	Chuvash	open	public	public	Chuvash Wikibooks
cywiki	cy.wikipedia.org	wikipedia	cy	Welsh	open	public	public	Welsh Wikipedia
cywikibooks	cy.wikibooks.org	wikibooks	cy	Welsh	open	public	public	Welsh Wikibooks
cywikiquote	cy.wikiquote.org	wikiquote	cy	Welsh	open	public	public	Welsh Wikiquote
cywikisource	cy.wikisource.org	wikisource	cy	Welsh	open	public	public	Welsh Wikisource
cywiktionary	cy.wiktionary.org	wiktionary	cy	Welsh	open	public	public	Welsh Wiktionary
dagwiki	dag.wikipedia.org	wikipedia	dag	Dagbani	open	public	public	Dagbani Wikipedia
dawiki	da.wikipedia.org	wikipedia	da	Danish	open	public	public	Danish Wikipedia
dawikibooks	da.wikibooks.org	wikibooks	da	Danish	open	public	public	Danish Wikibooks
dawikiquote	da.wikiquote.org	wikiquote	da	Danish	open	public	public	Danish Wikiquote
dawikisource	da.wikisource.org	wikisource	da	Danish	open	public	public	Danish Wikisource
dawiktionary	da.wiktionary.org	wiktionary	da	Danish	open	public	public	Danish Wiktionary
dewiki	de.wikipedia.org	wikipedia	de	German	open	public	public	German Wikipedia
dewikibooks	de.wikibooks.org	wikibooks	de	German	open	public	public	German Wikibooks
dewikinews	de.wikinews.org	wikinews	de	German	open	public	public	German Wikinews
dewikiquote	de.wikiquote.org	wikiquote	de	German	open	public	public	German Wikiquote
dewikisource	de.wikisource.org	wikisource	de	German	open	public	public	German Wikisource
dewikiversity	de.wikiversity.org	wikiversity	de	German	open	public	public	German Wikiversity
dewikivoyage	de.wikivoyage.org	wikivoyage	de	German	open	public	public	German Wikivoyage
dewiktionary	de.wiktionary.org	wiktionary	de	German	open	public	public	German Wiktionary
dinwiki	din.wikipedia.org	wikipedia	din	Dinka	open	public	public	Dinka Wikipedia
diqwiki	diq.wikipedia.org	wikipedia	diq	Zazaki	open	public	public	Zazaki Wikipedia
diqwiktionary	diq.wiktionary.org	wiktionary	diq	Zazaki	open	public	public	Zazaki Wiktionary
dkwikimedia	dk.wikimedia.org	dkwikimedia	en	English	open	public	public	Wikimedia Denmark
donatewiki	donate.wikimedia.org	donate	en	English	open	public	private	Donate
dsbwiki	dsb.wikipedia.org	wikipedia	dsb	Lower Sorbian	open	public	public	Lower Sorbian Wikipedia
dtywiki	dty.wikipedia.org	wikipedia	dty	Doteli	open	public	public	Doteli Wikipedia
dvwiki	dv.wikipedia.org	wikipedia	dv	Divehi	open	public	public	Divehi Wikipedia
dvwiktionary	dv.wiktionary.org	wiktionary	dv	Divehi	open	public	public	Divehi Wiktionary
dzwiki	dz.wikipedia.org	wikipedia	dz	Dzongkha	open	public	public	Dzongkha Wikipedia
dzwiktionary	dz.wiktionary.org	wiktionary	dz	Dzongkha	closed	public	public	Dzongkha Wiktionary
ecwikimedia	ec.wikimedia.org	ecwikimedia	en	English	open	private	private	Wikimedistas de Ecuador
eewiki	ee.wikipedia.org	wikipedia	ee	Ewe	open	public	public	Ewe Wikipedia
electcomwiki	electcom.wikimedia.org	electcom	en	English	open	private	private	Wikimedia Foundation Elections Committee
elwiki	el.wikipedia.org	wikipedia	el	Greek	open	public	public	Greek Wikipedia
elwikibooks	el.wikibooks.org	wikibooks	el	Greek	open	public	public	Greek Wikibooks
elwikinews	el.wikinews.org	wikinews	el	Greek	open	public	public	Greek Wikinews
elwikiquote	el.wikiquote.org	wikiquote	el	Greek	open	public	public	Greek Wikiquote
elwikisource	el.wikisource.org	wikisource	el	Greek	open	public	public	Greek Wikisource
elwikiversity	el.wikiversity.org	wikiversity	el	Greek	open	public	public	Greek Wikiversity
elwikivoyage	el.wikivoyage.org	wikivoyage	el	Greek	open	public	public	Greek Wikivoyage
elwiktionary	el.wiktionary.org	wiktionary	el	Greek	open	public	public	Greek Wiktionary
emlwiki	eml.wikipedia.org	wikipedia	eml	Emiliano-Romagnolo	open	public	public	Emiliano-Romagnolo Wikipedia
enwiki	en.wikipedia.org	wikipedia	en	English	open	public	public	English Wikipedia
enwikibooks	en.wikibooks.org	wikibooks	en	English	open	public	public	English Wikibooks
enwikinews	en.wikinews.org	wikinews	en	English	open	public	public	English Wikinews
enwikiquote	en.wikiquote.org	wikiquote	en	English	open	public	public	English Wikiquote
enwikisource	en.wikisource.org	wikisource	en	English	open	public	public	English Wikisource
enwikiversity	en.wikiversity.org	wikiversity	en	English	open	public	public	English Wikiversity
enwikivoyage	en.wikivoyage.org	wikivoyage	en	English	open	public	public	English Wikivoyage
enwiktionary	en.wiktionary.org	wiktionary	en	English	open	public	public	English Wiktionary
eowiki	eo.wikipedia.org	wikipedia	eo	Esperanto	open	public	public	Esperanto Wikipedia
eowikibooks	eo.wikibooks.org	wikibooks	eo	Esperanto	open	public	public	Esperanto Wikibooks
eowikinews	eo.wikinews.org	wikinews	eo	Esperanto	open	public	public	Esperanto Wikinews
eowikiquote	eo.wikiquote.org	wikiquote	eo	Esperanto	open	public	public	Esperanto Wikiquote
eowikisource	eo.wikisource.org	wikisource	eo	Esperanto	open	public	public	Esperanto Wikisource
eowikivoyage	eo.wikivoyage.org	wikivoyage	eo	Esperanto	open	public	public	Esperanto Wikivoyage
eowiktionary	eo.wiktionary.org	wiktionary	eo	Esperanto	open	public	public	Esperanto Wiktionary
eswiki	es.wikipedia.org	wikipedia	es	Spanish	open	public	public	Spanish Wikipedia
eswikibooks	es.wikibooks.org	wikibooks	es	Spanish	open	public	public	Spanish Wikibooks
eswikinews	es.wikinews.org	wikinews	es	Spanish	open	public	public	Spanish Wikinews
eswikiquote	es.wikiquote.org	wikiquote	es	Spanish	open	public	public	Spanish Wikiquote
eswikisource	es.wikisource.org	wikisource	es	Spanish	open	public	public	Spanish Wikisource
eswikiversity	es.wikiversity.org	wikiversity	es	Spanish	open	public	public	Spanish Wikiversity
eswikivoyage	es.wikivoyage.org	wikivoyage	es	Spanish	open	public	public	Spanish Wikivoyage
eswiktionary	es.wiktionary.org	wiktionary	es	Spanish	open	public	public	Spanish Wiktionary
etwiki	et.wikipedia.org	wikipedia	et	Estonian	open	public	public	Estonian Wikipedia
etwikibooks	et.wikibooks.org	wikibooks	et	Estonian	open	public	public	Estonian Wikibooks
etwikimedia	ee.wikimedia.org	etwikimedia	en	English	open	public	public	Wikimedia Estonia
etwikiquote	et.wikiquote.org	wikiquote	et	Estonian	open	public	public	Estonian Wikiquote
etwikisource	et.wikisource.org	wikisource	et	Estonian	open	public	public	Estonian Wikisource
etwiktionary	et.wiktionary.org	wiktionary	et	Estonian	open	public	public	Estonian Wiktionary
euwiki	eu.wikipedia.org	wikipedia	eu	Basque	open	public	public	Basque Wikipedia
euwikibooks	eu.wikibooks.org	wikibooks	eu	Basque	open	public	public	Basque Wikibooks
euwikiquote	eu.wikiquote.org	wikiquote	eu	Basque	open	public	public	Basque Wikiquote
euwikisource	eu.wikisource.org	wikisource	eu	Basque	open	public	public	Basque Wikisource
euwiktionary	eu.wiktionary.org	wiktionary	eu	Basque	open	public	public	Basque Wiktionary
execwiki	exec.wikimedia.org	exec	en	English	open	private	private	Wikimedia Executive
extwiki	ext.wikipedia.org	wikipedia	ext	Extremaduran	open	public	public	Extremaduran Wikipedia
fatwiki	fat.wikipedia.org	wikipedia	fat	Fanti	open	public	public	Fante Wikipedia
fawiki	fa.wikipedia.org	wikipedia	fa	Persian	open	public	public	Persian Wikipedia
fawikibooks	fa.wikibooks.org	wikibooks	fa	Persian	open	public	public	Persian Wikibooks
fawikinews	fa.wikinews.org	wikinews	fa	Persian	open	public	public	Persian Wikinews
fawikiquote	fa.wikiquote.org	wikiquote	fa	Persian	open	public	public	Persian Wikiquote
fawikisource	fa.wikisource.org	wikisource	fa	Persian	open	public	public	Persian Wikisource
fawikivoyage	fa.wikivoyage.org	wikivoyage	fa	Persian	open	public	public	Persian Wikivoyage
fawiktionary	fa.wiktionary.org	wiktionary	fa	Persian	open	public	public	Persian Wiktionary
fdcwiki	fdc.wikimedia.org	fdc	en	English	open	private	private	Wikimedia FDC
ffwiki	ff.wikipedia.org	wikipedia	ff	Fula	open	public	public	Fulah Wikipedia
fiu_vrowiki	fiu-vro.wikipedia.org	wikipedia	fiu-vro	Võro	open	public	public	Võro Wikipedia
fiwiki	fi.wikipedia.org	wikipedia	fi	Finnish	open	public	public	Finnish Wikipedia
fiwikibooks	fi.wikibooks.org	wikibooks	fi	Finnish	open	public	public	Finnish Wikibooks
fiwikimedia	fi.wikimedia.org	fiwikimedia	en	English	open	public	public	Wikimedia Finland
fiwikinews	fi.wikinews.org	wikinews	fi	Finnish	open	public	public	Finnish Wikinews
fiwikiquote	fi.wikiquote.org	wikiquote	fi	Finnish	open	public	public	Finnish Wikiquote
fiwikisource	fi.wikisource.org	wikisource	fi	Finnish	open	public	public	Finnish Wikisource
fiwikiversity	fi.wikiversity.org	wikiversity	fi	Finnish	open	public	public	Finnish Wikiversity
fiwikivoyage	fi.wikivoyage.org	wikivoyage	fi	Finnish	open	public	public	Finnish Wikivoyage
fiwiktionary	fi.wiktionary.org	wiktionary	fi	Finnish	open	public	public	Finnish Wiktionary
fjwiki	fj.wikipedia.org	wikipedia	fj	Fijian	open	public	public	Fijian Wikipedia
fjwiktionary	fj.wiktionary.org	wiktionary	fj	Fijian	open	public	public	Fijian Wiktionary
foundationwiki	foundation.wikimedia.org	foundation	en	English	open	public	public	Wikimedia Foundation Governance
fowiki	fo.wikipedia.org	wikipedia	fo	Faroese	open	public	public	Faroese Wikipedia
fowikisource	fo.wikisource.org	wikisource	fo	Faroese	open	public	public	Faroese Wikisource
fowiktionary	fo.wiktionary.org	wiktionary	fo	Faroese	open	public	public	Faroese Wiktionary
frpwiki	frp.wikipedia.org	wikipedia	frp	Arpitan	open	public	public	Arpitan Wikipedia
frrwiki	frr.wikipedia.org	wikipedia	frr	Northern Frisian	open	public	public	Northern Frisian Wikipedia
frwiki	fr.wikipedia.org	wikipedia	fr	French	open	public	public	French Wikipedia
frwikibooks	fr.wikibooks.org	wikibooks	fr	French	open	public	public	French Wikibooks
frwikinews	fr.wikinews.org	wikinews	fr	French	open	public	public	French Wikinews
frwikiquote	fr.wikiquote.org	wikiquote	fr	French	open	public	public	French Wikiquote
frwikisource	fr.wikisource.org	wikisource	fr	French	open	public	public	French Wikisource
frwikiversity	fr.wikiversity.org	wikiversity	fr	French	open	public	public	French Wikiversity
frwikivoyage	fr.wikivoyage.org	wikivoyage	fr	French	open	public	public	French Wikivoyage
frwiktionary	fr.wiktionary.org	wiktionary	fr	French	open	public	public	French Wiktionary
furwiki	fur.wikipedia.org	wikipedia	fur	Friulian	open	public	public	Friulian Wikipedia
fywiki	fy.wikipedia.org	wikipedia	fy	Western Frisian	open	public	public	Western Frisian Wikipedia
fywikibooks	fy.wikibooks.org	wikibooks	fy	Western Frisian	open	public	public	Western Frisian Wikibooks
fywiktionary	fy.wiktionary.org	wiktionary	fy	Western Frisian	open	public	public	Western Frisian Wiktionary
gagwiki	gag.wikipedia.org	wikipedia	gag	Gagauz	open	public	public	Gagauz Wikipedia
ganwiki	gan.wikipedia.org	wikipedia	gan	Gan Chinese	open	public	public	Gan Chinese Wikipedia
gawiki	ga.wikipedia.org	wikipedia	ga	Irish	open	public	public	Irish Wikipedia
gawikibooks	ga.wikibooks.org	wikibooks	ga	Irish	closed	public	public	Irish Wikibooks
gawikiquote	ga.wikiquote.org	wikiquote	ga	Irish	closed	public	public	Irish Wikiquote
gawiktionary	ga.wiktionary.org	wiktionary	ga	Irish	open	public	public	Irish Wiktionary
gcrwiki	gcr.wikipedia.org	wikipedia	gcr	Guianan Creole	open	public	public	Guianan Creole Wikipedia
gdwiki	gd.wikipedia.org	wikipedia	gd	Scottish Gaelic	open	public	public	Scottish Gaelic Wikipedia
gdwiktionary	gd.wiktionary.org	wiktionary	gd	Scottish Gaelic	open	public	public	Scottish Gaelic Wiktionary
gewikimedia	ge.wikimedia.org	gewikimedia	en	English	open	public	private	Wikimedia Community User Group Georgia
glkwiki	glk.wikipedia.org	wikipedia	glk	Gilaki	open	public	public	Gilaki Wikipedia
glwiki	gl.wikipedia.org	wikipedia	gl	Galician	open	public	public	Galician Wikipedia
glwikibooks	gl.wikibooks.org	wikibooks	gl	Galician	open	public	public	Galician Wikibooks
glwikiquote	gl.wikiquote.org	wikiquote	gl	Galician	open	public	public	Galician Wikiquote
glwikisource	gl.wikisource.org	wikisource	gl	Galician	open	public	public	Galician Wikisource
glwiktionary	gl.wiktionary.org	wiktionary	gl	Galician	open	public	public	Galician Wiktionary
gnwiki	gn.wikipedia.org	wikipedia	gn	Guarani	open	public	public	Guarani Wikipedia
gnwikibooks	gn.wikibooks.org	wikibooks	gn	Guarani	closed	public	public	Guarani Wikibooks
gnwiktionary	gn.wiktionary.org	wiktionary	gn	Guarani	open	public	public	Guarani Wiktionary
gomwiki	gom.wikipedia.org	wikipedia	gom	Goan Konkani	open	public	public	Goan Konkani Wikipedia
gomwiktionary	gom.wiktionary.org	wiktionary	gom	Goan Konkani	open	public	public	Goan Konkani Wiktionary
gorwiki	gor.wikipedia.org	wikipedia	gor	Gorontalo	open	public	public	Gorontalo Wikipedia
gorwiktionary	gor.wiktionary.org	wiktionary	gor	Gorontalo	open	public	public	Gorontalo Wiktionary
gotwiki	got.wikipedia.org	wikipedia	got	Gothic	open	public	public	Gothic Wikipedia
gotwikibooks	got.wikibooks.org	wikibooks	got	Gothic	closed	public	public	Gothic Wikibooks
gpewiki	gpe.wikipedia.org	wikipedia	gpe	Ghanaian Pidgin	open	public	public	Ghanaian Pidgin Wikipedia
grantswiki	grants.wikimedia.org	grants	en	English	open	private	private	Wikimedia Foundation Grants Discussion
grwikimedia	gr.wikimedia.org	grwikimedia	en	English	open	public	private	Wikimedia Community User Group Greece
gucwiki	guc.wikipedia.org	wikipedia	guc	Wayuu	open	public	public	Wayuu Wikipedia
gurwiki	gur.wikipedia.org	wikipedia	gur	Frafra	open	public	public	Farefare Wikipedia
guwiki	gu.wikipedia.org	wikipedia	gu	Gujarati	open	public	public	Gujarati Wikipedia
guwikibooks	gu.wikibooks.org	wikibooks	gu	Gujarati	closed	public	public	Gujarati Wikibooks
guwikiquote	gu.wikiquote.org	wikiquote	gu	Gujarati	open	public	public	Gujarati Wikiquote
guwikisource	gu.wikisource.org	wikisource	gu	Gujarati	open	public	public	Gujarati Wikisource
guwiktionary	gu.wiktionary.org	wiktionary	gu	Gujarati	open	public	public	Gujarati Wiktionary
guwwiki	guw.wikipedia.org	wikipedia	guw	Gun	open	public	public	Gun Wikipedia
guwwikinews	guw.wikinews.org	wikinews	guw	Gun	open	public	public	Gun Wikinews
guwwikiquote	guw.wikiquote.org	wikiquote	guw	Gun	open	public	public	Gun Wikiquote
guwwiktionary	guw.wiktionary.org	wiktionary	guw	Gun	open	public	public	Gun Wiktionary
gvwiki	gv.wikipedia.org	wikipedia	gv	Manx	open	public	public	Manx Wikipedia
gvwiktionary	gv.wiktionary.org	wiktionary	gv	Manx	open	public	public	Manx Wiktionary
hakwiki	hak.wikipedia.org	wikipedia	hak	Hakka Chinese	open	public	public	Hakka Chinese Wikipedia
hawiki	ha.wikipedia.org	wikipedia	ha	Hausa	open	public	public	Hausa Wikipedia
hawiktionary	ha.wiktionary.org	wiktionary	ha	Hausa	open	public	public	Hausa Wiktionary
hawwiki	haw.wikipedia.org	wikipedia	haw	Hawaiian	open	public	public	Hawaiian Wikipedia
hewiki	he.wikipedia.org	wikipedia	he	Hebrew	open	public	public	Hebrew Wikipedia
hewikibooks	he.wikibooks.org	wikibooks	he	Hebrew	open	public	public	Hebrew Wikibooks
hewikinews	he.wikinews.org	wikinews	he	Hebrew	open	public	public	Hebrew Wikinews
hewikiquote	he.wikiquote.org	wikiquote	he	Hebrew	open	public	public	Hebrew Wikiquote
hewikisource	he.wikisource.org	wikisource	he	Hebrew	open	public	public	Hebrew Wikisource
hewikivoyage	he.wikivoyage.org	wikivoyage	he	Hebrew	open	public	public	Hebrew Wikivoyage
hewiktionary	he.wiktionary.org	wiktionary	he	Hebrew	open	public	public	Hebrew Wiktionary
hifwiki	hif.wikipedia.org	wikipedia	hif	Fiji Hindi	open	public	public	Fiji Hindi Wikipedia
hifwiktionary	hif.wiktionary.org	wiktionary	hif	Fiji Hindi	open	public	public	Fiji Hindi Wiktionary
hiwiki	hi.wikipedia.org	wikipedia	hi	Hindi	open	public	public	Hindi Wikipedia
hiwikibooks	hi.wikibooks.org	wikibooks	hi	Hindi	open	public	public	Hindi Wikibooks
hiwikimedia	hi.wikimedia.org	hiwikimedia	en	English	open	public	private	Hindi Wikimedians User Group
hiwikiquote	hi.wikiquote.org	wikiquote	hi	Hindi	open	public	public	Hindi Wikiquote
hiwikisource	hi.wikisource.org	wikisource	hi	Hindi	open	public	public	Hindi Wikisource
hiwikiversity	hi.wikiversity.org	wikiversity	hi	Hindi	open	public	public	Hindi Wikiversity
hiwikivoyage	hi.wikivoyage.org	wikivoyage	hi	Hindi	open	public	public	Hindi Wikivoyage
hiwiktionary	hi.wiktionary.org	wiktionary	hi	Hindi	open	public	public	Hindi Wiktionary
howiki	ho.wikipedia.org	wikipedia	ho	Hiri Motu	closed	public	public	Hiri Motu Wikipedia
hrwiki	hr.wikipedia.org	wikipedia	hr	Croatian	open	public	public	Croatian Wikipedia
hrwikibooks	hr.wikibooks.org	wikibooks	hr	Croatian	open	public	public	Croatian Wikibooks
hrwikiquote	hr.wikiquote.org	wikiquote	hr	Croatian	open	public	public	Croatian Wikiquote
hrwikisource	hr.wikisource.org	wikisource	hr	Croatian	open	public	public	Croatian Wikisource
hrwiktionary	hr.wiktionary.org	wiktionary	hr	Croatian	open	public	public	Croatian Wiktionary
hsbwiki	hsb.wikipedia.org	wikipedia	hsb	Upper Sorbian	open	public	public	Upper Sorbian Wikipedia
hsbwiktionary	hsb.wiktionary.org	wiktionary	hsb	Upper Sorbian	open	public	public	Upper Sorbian Wiktionary
htwiki	ht.wikipedia.org	wikipedia	ht	Haitian Creole	open	public	public	Haitian Creole Wikipedia
htwikisource	ht.wikisource.org	wikisource	ht	Haitian Creole	closed	public	public	Haitian Creole Wikisource
huwiki	hu.wikipedia.org	wikipedia	hu	Hungarian	open	public	public	Hungarian Wikipedia
huwikibooks	hu.wikibooks.org	wikibooks	hu	Hungarian	open	public	public	Hungarian Wikibooks
huwikinews	hu.wikinews.org	wikinews	hu	Hungarian	closed	public	public	Hungarian Wikinews
huwikiquote	hu.wikiquote.org	wikiquote	hu	Hungarian	open	public	public	Hungarian Wikiquote
huwikisource	hu.wikisource.org	wikisource	hu	Hungarian	open	public	public	Hungarian Wikisource
huwiktionary	hu.wiktionary.org	wiktionary	hu	Hungarian	open	public	public	Hungarian Wiktionary
hywiki	hy.wikipedia.org	wikipedia	hy	Armenian	open	public	public	Armenian Wikipedia
hywikibooks	hy.wikibooks.org	wikibooks	hy	Armenian	open	public	public	Armenian Wikibooks
hywikiquote	hy.wikiquote.org	wikiquote	hy	Armenian	open	public	public	Armenian Wikiquote
hywikisource	hy.wikisource.org	wikisource	hy	Armenian	open	public	public	Armenian Wikisource
hywiktionary	hy.wiktionary.org	wiktionary	hy	Armenian	open	public	public	Armenian Wiktionary
hywwiki	hyw.wikipedia.org	wikipedia	hyw	Western Armenian	open	public	public	Western Armenian Wikipedia
hzwiki	hz.wikipedia.org	wikipedia	hz	Herero	closed	public	public	Herero Wikipedia
iawiki	ia.wikipedia.org	wikipedia	ia	Interlingua	open	public	public	Interlingua Wikipedia
iawikibooks	ia.wikibooks.org	wikibooks	ia	Interlingua	open	public	public	Interlingua Wikibooks
iawiktionary	ia.wiktionary.org	wiktionary	ia	Interlingua	open	public	public	Interlingua Wiktionary
id_internalwikimedia	id-internal.wikimedia.org	id-internalwikimedia	en	English	open	private	private	Wikimedia Indonesia (internal)
idwiki	id.wikipedia.org	wikipedia	id	Indonesian	open	public	public	Indonesian Wikipedia
idwikibooks	id.wikibooks.org	wikibooks	id	Indonesian	open	public	public	Indonesian Wikibooks
idwikimedia	id.wikimedia.org	idwikimedia	en	English	open	public	private	Wikimedia Indonesia
idwikiquote	id.wikiquote.org	wikiquote	id	Indonesian	open	public	public	Indonesian Wikiquote
idwikisource	id.wikisource.org	wikisource	id	Indonesian	open	public	public	Indonesian Wikisource
idwiktionary	id.wiktionary.org	wiktionary	id	Indonesian	open	public	public	Indonesian Wiktionary
iegcomwiki	iegcom.wikimedia.org	iegcom	en	English	open	private	private	Individual Engagement Grants Committee
iewiki	ie.wikipedia.org	wikipedia	ie	Interlingue	open	public	public	Interlingue Wikipedia
iewikibooks	ie.wikibooks.org	wikibooks	ie	Interlingue	closed	public	public	Interlingue Wikibooks
iewiktionary	ie.wiktionary.org	wiktionary	ie	Interlingue	open	public	public	Interlingue Wiktionary
igwiki	ig.wikipedia.org	wikipedia	ig	Igbo	open	public	public	Igbo Wikipedia
igwikiquote	ig.wikiquote.org	wikiquote	ig	Igbo	open	public	public	Igbo Wikiquote
igwiktionary	ig.wiktionary.org	wiktionary	ig	Igbo	open	public	public	Igbo Wiktionary
iiwiki	ii.wikipedia.org	wikipedia	ii	Sichuan Yi	closed	public	public	Sichuan Yi Wikipedia
ikwiki	ik.wikipedia.org	wikipedia	ik	Inupiaq	open	public	public	Inupiaq Wikipedia
ikwiktionary	ik.wiktionary.org	wiktionary	ik	Inupiaq	closed	public	public	Inupiaq Wiktionary
ilowiki	ilo.wikipedia.org	wikipedia	ilo	Iloko	open	public	public	Iloko Wikipedia
ilwikimedia	il.wikimedia.org	ilwikimedia	en	English	open	private	private	Wikimedia Israel
incubatorwiki	incubator.wikimedia.org	incubator	en	English	open	public	public	Wikimedia Incubator
inhwiki	inh.wikipedia.org	wikipedia	inh	Ingush	open	public	public	Ingush Wikipedia
internalwiki	internal.wikimedia.org	internal	en	English	closed	private	private	Internal
iowiki	io.wikipedia.org	wikipedia	io	Ido	open	public	public	Ido Wikipedia
iowiktionary	io.wiktionary.org	wiktionary	io	Ido	open	public	public	Ido Wiktionary
iswiki	is.wikipedia.org	wikipedia	is	Icelandic	open	public	public	Icelandic Wikipedia
iswikibooks	is.wikibooks.org	wikibooks	is	Icelandic	open	public	public	Icelandic Wikibooks
iswikiquote	is.wikiquote.org	wikiquote	is	Icelandic	open	public	public	Icelandic Wikiquote
iswikisource	is.wikisource.org	wikisource	is	Icelandic	open	public	public	Icelandic Wikisource
iswiktionary	is.wiktionary.org	wiktionary	is	Icelandic	open	public	public	Icelandic Wiktionary
itwiki	it.wikipedia.org	wikipedia	it	Italian	open	public	public	Italian Wikipedia
itwikibooks	it.wikibooks.org	wikibooks	it	Italian	open	public	public	Italian Wikibooks
itwikinews	it.wikinews.org	wikinews	it	Italian	open	public	public	Italian Wikinews
itwikiquote	it.wikiquote.org	wikiquote	it	Italian	open	public	public	Italian Wikiquote
itwikisource	it.wikisource.org	wikisource	it	Italian	open	public	public	Italian Wikisource
itwikiversity	it.wikiversity.org	wikiversity	it	Italian	open	public	public	Italian Wikiversity
itwikivoyage	it.wikivoyage.org	wikivoyage	it	Italian	open	public	public	Italian Wikivoyage
itwiktionary	it.wiktionary.org	wiktionary	it	Italian	open	public	public	Italian Wiktionary
iuwiki	iu.wikipedia.org	wikipedia	iu	Inuktitut	open	public	public	Inuktitut Wikipedia
iuwiktionary	iu.wiktionary.org	wiktionary	iu	Inuktitut	open	public	public	Inuktitut Wiktionary
jamwiki	jam.wikipedia.org	wikipedia	jam	Jamaican Creole English	open	public	public	Jamaican Patois Wikipedia
jawiki	ja.wikipedia.org	wikipedia	ja	Japanese	open	public	public	Japanese Wikipedia
jawikibooks	ja.wikibooks.org	wikibooks	ja	Japanese	open	public	public	Japanese Wikibooks
jawikinews	ja.wikinews.org	wikinews	ja	Japanese	open	public	public	Japanese Wikinews
jawikiquote	ja.wikiquote.org	wikiquote	ja	Japanese	open	public	public	Japanese Wikiquote
jawikisource	ja.wikisource.org	wikisource	ja	Japanese	open	public	public	Japanese Wikisource
jawikiversity	ja.wikiversity.org	wikiversity	ja	Japanese	open	public	public	Japanese Wikiversity
jawikivoyage	ja.wikivoyage.org	wikivoyage	ja	Japanese	open	public	public	Japanese Wikivoyage
jawiktionary	ja.wiktionary.org	wiktionary	ja	Japanese	open	public	public	Japanese Wiktionary
jbowiki	jbo.wikipedia.org	wikipedia	jbo	Lojban	open	public	public	Lojban Wikipedia
jbowiktionary	jbo.wiktionary.org	wiktionary	jbo	Lojban	open	public	public	Lojban Wiktionary
jvwiki	jv.wikipedia.org	wikipedia	jv	Javanese	open	public	public	Javanese Wikipedia
jvwikisource	jv.wikisource.org	wikisource	jv	Javanese	open	public	public	Javanese Wikisource
jvwiktionary	jv.wiktionary.org	wiktionary	jv	Javanese	open	public	public	Javanese Wiktionary
kaawiki	kaa.wikipedia.org	wikipedia	kaa	Kara-Kalpak	open	public	public	Kara-Kalpak Wikipedia
kabwiki	kab.wikipedia.org	wikipedia	kab	Kabyle	open	public	public	Kabyle Wikipedia
kawiki	ka.wikipedia.org	wikipedia	ka	Georgian	open	public	public	Georgian Wikipedia
kawikibooks	ka.wikibooks.org	wikibooks	ka	Georgian	open	public	public	Georgian Wikibooks
kawikiquote	ka.wikiquote.org	wikiquote	ka	Georgian	open	public	public	Georgian Wikiquote
kawiktionary	ka.wiktionary.org	wiktionary	ka	Georgian	open	public	public	Georgian Wiktionary
kbdwiki	kbd.wikipedia.org	wikipedia	kbd	Kabardian	open	public	public	Kabardian Wikipedia
kbdwiktionary	kbd.wiktionary.org	wiktionary	kbd	Kabardian	open	public	public	Kabardian Wiktionary
kbpwiki	kbp.wikipedia.org	wikipedia	kbp	Kabiye	open	public	public	Kabiyè Wikipedia
kcgwiki	kcg.wikipedia.org	wikipedia	kcg	Tyap	open	public	public	Tyap Wikipedia
kcgwiktionary	kcg.wiktionary.org	wiktionary	kcg	Tyap	open	public	public	Tyap Wiktionary
kgwiki	kg.wikipedia.org	wikipedia	kg	Kongo	open	public	public	Kongo Wikipedia
kiwiki	ki.wikipedia.org	wikipedia	ki	Kikuyu	open	public	public	Kikuyu Wikipedia
kjwiki	kj.wikipedia.org	wikipedia	kj	Kuanyama	closed	public	public	Kuanyama Wikipedia
kkwiki	kk.wikipedia.org	wikipedia	kk	Kazakh	open	public	public	Kazakh Wikipedia
kkwikibooks	kk.wikibooks.org	wikibooks	kk	Kazakh	open	public	public	Kazakh Wikibooks
kkwikiquote	kk.wikiquote.org	wikiquote	kk	Kazakh	closed	public	public	Kazakh Wikiquote
kkwiktionary	kk.wiktionary.org	wiktionary	kk	Kazakh	open	public	public	Kazakh Wiktionary
klwiki	kl.wikipedia.org	wikipedia	kl	Kalaallisut	open	public	public	Kalaallisut Wikipedia
klwiktionary	kl.wiktionary.org	wiktionary	kl	Kalaallisut	open	public	public	Kalaallisut Wiktionary
kmwiki	km.wikipedia.org	wikipedia	km	Khmer	open	public	public	Khmer Wikipedia
kmwikibooks	km.wikibooks.org	wikibooks	km	Khmer	open	public	public	Khmer Wikibooks
kmwiktionary	km.wiktionary.org	wiktionary	km	Khmer	open	public	public	Khmer Wiktionary
knwiki	kn.wikipedia.org	wikipedia	kn	Kannada	open	public	public	Kannada Wikipedia
knwikibooks	kn.wikibooks.org	wikibooks	kn	Kannada	closed	public	public	Kannada Wikibooks
knwikiquote	kn.wikiquote.org	wikiquote	kn	Kannada	open	public	public	Kannada Wikiquote
knwikisource	kn.wikisource.org	wikisource	kn	Kannada	open	public	public	Kannada Wikisource
knwiktionary	kn.wiktionary.org	wiktionary	kn	Kannada	open	public	public	Kannada Wiktionary
koiwiki	koi.wikipedia.org	wikipedia	koi	Komi-Permyak	open	public	public	Komi-Permyak Wikipedia
kowiki	ko.wikipedia.org	wikipedia	ko	Korean	open	public	public	Korean Wikipedia
kowikibooks	ko.wikibooks.org	wikibooks	ko	Korean	open	public	public	Korean Wikibooks
kowikinews	ko.wikinews.org	wikinews	ko	Korean	open	public	public	Korean Wikinews
kowikiquote	ko.wikiquote.org	wikiquote	ko	Korean	open	public	public	Korean Wikiquote
kowikisource	ko.wikisource.org	wikisource	ko	Korean	open	public	public	Korean Wikisource
kowikiversity	ko.wikiversity.org	wikiversity	ko	Korean	open	public	public	Korean Wikiversity
kowiktionary	ko.wiktionary.org	wiktionary	ko	Korean	open	public	public	Korean Wiktionary
krcwiki	krc.wikipedia.org	wikipedia	krc	Karachay-Balkar	open	public	public	Karachay-Balkar Wikipedia
krwiki	kr.wikipedia.org	wikipedia	kr	Kanuri	closed	public	public	Kanuri Wikipedia
krwikiquote	kr.wikiquote.org	wikiquote	kr	Kanuri	closed	public	public	Kanuri Wikiquote
kshwiki	ksh.wikipedia.org	wikipedia	ksh	Colognian	open	public	public	Colognian Wikipedia
kswiki	ks.wikipedia.org	wikipedia	ks	Kashmiri	open	public	public	Kashmiri Wikipedia
kswikibooks	ks.wikibooks.org	wikibooks	ks	Kashmiri	closed	public	public	Kashmiri Wikibooks
kswikiquote	ks.wikiquote.org	wikiquote	ks	Kashmiri	closed	public	public	Kashmiri Wikiquote
kswiktionary	ks.wiktionary.org	wiktionary	ks	Kashmiri	open	public	public	Kashmiri Wiktionary
kuwiki	ku.wikipedia.org	wikipedia	ku	Kurdish	open	public	public	Kurdish Wikipedia
kuwikibooks	ku.wikibooks.org	wikibooks	ku	Kurdish	open	public	public	Kurdish Wikibooks
kuwikiquote	ku.wikiquote.org	wikiquote	ku	Kurdish	open	public	public	Kurdish Wikiquote
kuwiktionary	ku.wiktionary.org	wiktionary	ku	Kurdish	open	public	public	Kurdish Wiktionary
kvwiki	kv.wikipedia.org	wikipedia	kv	Komi	open	public	public	Komi Wikipedia
kwwiki	kw.wikipedia.org	wikipedia	kw	Cornish	open	public	public	Cornish Wikipedia
kwwikiquote	kw.wikiquote.org	wikiquote	kw	Cornish	closed	public	public	Cornish Wikiquote
kwwiktionary	kw.wiktionary.org	wiktionary	kw	Cornish	open	public	public	Cornish Wiktionary
kywiki	ky.wikipedia.org	wikipedia	ky	Kyrgyz	open	public	public	Kyrgyz Wikipedia
kywikibooks	ky.wikibooks.org	wikibooks	ky	Kyrgyz	open	public	public	Kyrgyz Wikibooks
kywikiquote	ky.wikiquote.org	wikiquote	ky	Kyrgyz	open	public	public	Kyrgyz Wikiquote
kywiktionary	ky.wiktionary.org	wiktionary	ky	Kyrgyz	open	public	public	Kyrgyz Wiktionary
labswiki	wikitech.wikimedia.org	labs	en	English	open	public	public	Wikitech
labtestwiki	labtestwikitech.wikimedia.org	labtest	en	English	open	public	public	Test Wikitech
ladwiki	lad.wikipedia.org	wikipedia	lad	Ladino	open	public	public	Ladino Wikipedia
lawiki	la.wikipedia.org	wikipedia	la	Latin	open	public	public	Latin Wikipedia
lawikibooks	la.wikibooks.org	wikibooks	la	Latin	open	public	public	Latin Wikibooks
lawikiquote	la.wikiquote.org	wikiquote	la	Latin	open	public	public	Latin Wikiquote
lawikisource	la.wikisource.org	wikisource	la	Latin	open	public	public	Latin Wikisource
lawiktionary	la.wiktionary.org	wiktionary	la	Latin	open	public	public	Latin Wiktionary
lbewiki	lbe.wikipedia.org	wikipedia	lbe	Lak	open	public	public	Laki Wikipedia
lbwiki	lb.wikipedia.org	wikipedia	lb	Luxembourgish	open	public	public	Luxembourgish Wikipedia
lbwikibooks	lb.wikibooks.org	wikibooks	lb	Luxembourgish	closed	public	public	Luxembourgish Wikibooks
lbwikiquote	lb.wikiquote.org	wikiquote	lb	Luxembourgish	closed	public	public	Luxembourgish Wikiquote
lbwiktionary	lb.wiktionary.org	wiktionary	lb	Luxembourgish	open	public	public	Luxembourgish Wiktionary
legalteamwiki	legalteam.wikimedia.org	legalteam	en	English	open	private	private	Legal Team
lezwiki	lez.wikipedia.org	wikipedia	lez	Lezghian	open	public	public	Lezghian Wikipedia
lfnwiki	lfn.wikipedia.org	wikipedia	lfn	Lingua Franca Nova	open	public	public	Lingua Franca Nova Wikipedia
lgwiki	lg.wikipedia.org	wikipedia	lg	Ganda	open	public	public	Ganda Wikipedia
lijwiki	lij.wikipedia.org	wikipedia	lij	Ligurian	open	public	public	Ligurian Wikipedia
lijwikisource	lij.wikisource.org	wikisource	lij	Ligurian	open	public	public	Ligurian Wikisource
liwiki	li.wikipedia.org	wikipedia	li	Limburgish	open	public	public	Limburgish Wikipedia
liwikibooks	li.wikibooks.org	wikibooks	li	Limburgish	open	public	public	Limburgish Wikibooks
liwikinews	li.wikinews.org	wikinews	li	Limburgish	open	public	public	Limburgish Wikinews
liwikiquote	li.wikiquote.org	wikiquote	li	Limburgish	open	public	public	Limburgish Wikiquote
liwikisource	li.wikisource.org	wikisource	li	Limburgish	open	public	public	Limburgish Wikisource
liwiktionary	li.wiktionary.org	wiktionary	li	Limburgish	open	public	public	Limburgish Wiktionary
lldwiki	lld.wikipedia.org	wikipedia	lld	Ladin	open	public	public	Ladin Wikipedia
lmowiki	lmo.wikipedia.org	wikipedia	lmo	Lombard	open	public	public	Lombard Wikipedia
lmowiktionary	lmo.wiktionary.org	wiktionary	lmo	Lombard	open	public	public	Lombard Wiktionary
lnwiki	ln.wikipedia.org	wikipedia	ln	Lingala	open	public	public	Lingala Wikipedia
lnwikibooks	ln.wikibooks.org	wikibooks	ln	Lingala	closed	public	public	Lingala Wikibooks
lnwiktionary	ln.wiktionary.org	wiktionary	ln	Lingala	open	public	public	Lingala Wiktionary
loginwiki	login.wikimedia.org	login	en	English	open	public	public	Wikimedia Login
lowiki	lo.wikipedia.org	wikipedia	lo	Lao	open	public	public	Lao Wikipedia
lowiktionary	lo.wiktionary.org	wiktionary	lo	Lao	open	public	public	Lao Wiktionary
lrcwiki	lrc.wikipedia.org	wikipedia	lrc	Northern Luri	closed	public	public	Northern Luri Wikipedia
ltgwiki	ltg.wikipedia.org	wikipedia	ltg	Latgalian	open	public	public	Latgalian Wikipedia
ltwiki	lt.wikipedia.org	wikipedia	lt	Lithuanian	open	public	public	Lithuanian Wikipedia
ltwikibooks	lt.wikibooks.org	wikibooks	lt	Lithuanian	open	public	public	Lithuanian Wikibooks
ltwikiquote	lt.wikiquote.org	wikiquote	lt	Lithuanian	open	public	public	Lithuanian Wikiquote
ltwikisource	lt.wikisource.org	wikisource	lt	Lithuanian	open	public	public	Lithuanian Wikisource
ltwiktionary	lt.wiktionary.org	wiktionary	lt	Lithuanian	open	public	public	Lithuanian Wiktionary
lvwiki	lv.wikipedia.org	wikipedia	lv	Latvian	open	public	public	Latvian Wikipedia
lvwikibooks	lv.wikibooks.org	wikibooks	lv	Latvian	closed	public	public	Latvian Wikibooks
lvwiktionary	lv.wiktionary.org	wiktionary	lv	Latvian	open	public	public	Latvian Wiktionary
madwiki	mad.wikipedia.org	wikipedia	mad	Madurese	open	public	public	Madurese Wikipedia
maiwiki	mai.wikipedia.org	wikipedia	mai	Maithili	open	public	public	Maithili Wikipedia
maiwikimedia	mai.wikimedia.org	maiwikimedia	en	English	open	public	private	Maithili Wikimedians User Group
map_bmswiki	map-bms.wikipedia.org	wikipedia	map-bms	Banyumasan	open	public	public	Basa Banyumasan Wikipedia
mdfwiki	mdf.wikipedia.org	wikipedia	mdf	Moksha	open	public	public	Moksha Wikipedia
mediawikiwiki	www.mediawiki.org	mediawiki	en	English	open	public	public	MediaWiki
metawiki	meta.wikimedia.org	meta	en	English	open	public	public	Meta-Wiki
mgwiki	mg.wikipedia.org	wikipedia	mg	Malagasy	open	public	public	Malagasy Wikipedia
mgwikibooks	mg.wikibooks.org	wikibooks	mg	Malagasy	open	public	public	Malagasy Wikibooks
mgwiktionary	mg.wiktionary.org	wiktionary	mg	Malagasy	open	public	public	Malagasy Wiktionary
mhrwiki	mhr.wikipedia.org	wikipedia	mhr	Eastern Mari	open	public	public	Eastern Mari Wikipedia
mhwiki	mh.wikipedia.org	wikipedia	mh	Marshallese	closed	public	public	Marshallese Wikipedia
mhwiktionary	mh.wiktionary.org	wiktionary	mh	Marshallese	closed	public	public	Marshallese Wiktionary
minwiki	min.wikipedia.org	wikipedia	min	Minangkabau	open	public	public	Minangkabau Wikipedia
minwiktionary	min.wiktionary.org	wiktionary	min	Minangkabau	open	public	public	Minangkabau Wiktionary
miwiki	mi.wikipedia.org	wikipedia	mi	Māori	open	public	public	Maori Wikipedia
miwikibooks	mi.wikibooks.org	wikibooks	mi	Māori	closed	public	public	Maori Wikibooks
miwiktionary	mi.wiktionary.org	wiktionary	mi	Māori	open	public	public	Maori Wiktionary
mkwiki	mk.wikipedia.org	wikipedia	mk	Macedonian	open	public	public	Macedonian Wikipedia
mkwikibooks	mk.wikibooks.org	wikibooks	mk	Macedonian	open	public	public	Macedonian Wikibooks
mkwikimedia	mk.wikimedia.org	mkwikimedia	en	English	open	public	public	Wikimedia Macedonia
mkwikisource	mk.wikisource.org	wikisource	mk	Macedonian	open	public	public	Macedonian Wikisource
mkwiktionary	mk.wiktionary.org	wiktionary	mk	Macedonian	open	public	public	Macedonian Wiktionary
mlwiki	ml.wikipedia.org	wikipedia	ml	Malayalam	open	public	public	Malayalam Wikipedia
mlwikibooks	ml.wikibooks.org	wikibooks	ml	Malayalam	open	public	public	Malayalam Wikibooks
mlwikiquote	ml.wikiquote.org	wikiquote	ml	Malayalam	open	public	public	Malayalam Wikiquote
mlwikisource	ml.wikisource.org	wikisource	ml	Malayalam	open	public	public	Malayalam Wikisource
mlwiktionary	ml.wiktionary.org	wiktionary	ml	Malayalam	open	public	public	Malayalam Wiktionary
mniwiki	mni.wikipedia.org	wikipedia	mni	Manipuri	open	public	public	Meitei Wikipedia
mniwiktionary	mni.wiktionary.org	wiktionary	mni	Manipuri	open	public	public	Meetei Wiktionary
mnwiki	mn.wikipedia.org	wikipedia	mn	Mongolian	open	public	public	Mongolian Wikipedia
mnwikibooks	mn.wikibooks.org	wikibooks	mn	Mongolian	closed	public	public	Mongolian Wikibooks
mnwiktionary	mn.wiktionary.org	wiktionary	mn	Mongolian	open	public	public	Mongolian Wiktionary
mnwwiki	mnw.wikipedia.org	wikipedia	mnw	Mon	open	public	public	Mon Wikipedia
mnwwiktionary	mnw.wiktionary.org	wiktionary	mnw	Mon	open	public	public	Mon Wiktionary
movementroleswiki	movementroles.wikimedia.org	movementroles	en	English	open	private	private	Movement Roles
mrjwiki	mrj.wikipedia.org	wikipedia	mrj	Western Mari	open	public	public	Western Mari Wikipedia
mrwiki	mr.wikipedia.org	wikipedia	mr	Marathi	open	public	public	Marathi Wikipedia
mrwikibooks	mr.wikibooks.org	wikibooks	mr	Marathi	open	public	public	Marathi Wikibooks
mrwikiquote	mr.wikiquote.org	wikiquote	mr	Marathi	open	public	public	Marathi Wikiquote
mrwikisource	mr.wikisource.org	wikisource	mr	Marathi	open	public	public	Marathi Wikisource
mrwiktionary	mr.wiktionary.org	wiktionary	mr	Marathi	open	public	public	Marathi Wiktionary
mswiki	ms.wikipedia.org	wikipedia	ms	Malay	open	public	public	Malay Wikipedia
mswikibooks	ms.wikibooks.org	wikibooks	ms	Malay	open	public	public	Malay Wikibooks
mswiktionary	ms.wiktionary.org	wiktionary	ms	Malay	open	public	public	Malay Wiktionary
mtwiki	mt.wikipedia.org	wikipedia	mt	Maltese	open	public	public	Maltese Wikipedia
mtwiktionary	mt.wiktionary.org	wiktionary	mt	Maltese	open	public	public	Maltese Wiktionary
muswiki	mus.wikipedia.org	wikipedia	mus	Muscogee	closed	public	public	Creek Wikipedia
mwlwiki	mwl.wikipedia.org	wikipedia	mwl	Mirandese	open	public	public	Mirandese Wikipedia
mxwikimedia	mx.wikimedia.org	mxwikimedia	en	English	open	public	public	Wikimedia Mexico
myvwiki	myv.wikipedia.org	wikipedia	myv	Erzya	open	public	public	Erzya Wikipedia
mywiki	my.wikipedia.org	wikipedia	my	Burmese	open	public	public	Burmese Wikipedia
mywikibooks	my.wikibooks.org	wikibooks	my	Burmese	closed	public	public	Burmese Wikibooks
mywiktionary	my.wiktionary.org	wiktionary	my	Burmese	open	public	public	Burmese Wiktionary
mznwiki	mzn.wikipedia.org	wikipedia	mzn	Mazanderani	open	public	public	Mazanderani Wikipedia
nahwiki	nah.wikipedia.org	wikipedia	nah	Nahuatl	open	public	public	Nāhuatl Wikipedia
nahwikibooks	nah.wikibooks.org	wikibooks	nah	Nahuatl	closed	public	public	Nāhuatl Wikibooks
nahwiktionary	nah.wiktionary.org	wiktionary	nah	Nahuatl	open	public	public	Nāhuatl Wiktionary
napwiki	nap.wikipedia.org	wikipedia	nap	Neapolitan	open	public	public	Neapolitan Wikipedia
napwikisource	nap.wikisource.org	wikisource	nap	Neapolitan	open	public	public	Neapolitan Wikisource
nawiki	na.wikipedia.org	wikipedia	na	Nauru	closed	public	public	Nauru Wikipedia
nawikibooks	na.wikibooks.org	wikibooks	na	Nauru	closed	public	public	Nauru Wikibooks
nawikiquote	na.wikiquote.org	wikiquote	na	Nauru	closed	public	public	Nauru Wikiquote
nawiktionary	na.wiktionary.org	wiktionary	na	Nauru	open	public	public	Nauru Wiktionary
nds_nlwiki	nds-nl.wikipedia.org	wikipedia	nds-nl	Low Saxon	open	public	public	Low Saxon Wikipedia
ndswiki	nds.wikipedia.org	wikipedia	nds	Low German	open	public	public	Low German Wikipedia
ndswikibooks	nds.wikibooks.org	wikibooks	nds	Low German	closed	public	public	Low German Wikibooks
ndswikiquote	nds.wikiquote.org	wikiquote	nds	Low German	closed	public	public	Low German Wikiquote
ndswiktionary	nds.wiktionary.org	wiktionary	nds	Low German	open	public	public	Low German Wiktionary
newiki	ne.wikipedia.org	wikipedia	ne	Nepali	open	public	public	Nepali Wikipedia
newikibooks	ne.wikibooks.org	wikibooks	ne	Nepali	open	public	public	Nepali Wikibooks
newiktionary	ne.wiktionary.org	wiktionary	ne	Nepali	open	public	public	Nepali Wiktionary
newwiki	new.wikipedia.org	wikipedia	new	Newari	open	public	public	Newari Wikipedia
ngwiki	ng.wikipedia.org	wikipedia	ng	Ndonga	closed	public	public	Ndonga Wikipedia
ngwikimedia	ng.wikimedia.org	ngwikimedia	en	English	open	public	private	Wikimedia Nigeria
niawiki	nia.wikipedia.org	wikipedia	nia	Nias	open	public	public	Nias Wikipedia
niawiktionary	nia.wiktionary.org	wiktionary	nia	Nias	open	public	public	Nias Wiktionary
nlwiki	nl.wikipedia.org	wikipedia	nl	Dutch	open	public	public	Dutch Wikipedia
nlwikibooks	nl.wikibooks.org	wikibooks	nl	Dutch	open	public	public	Dutch Wikibooks
nlwikimedia	nl.wikimedia.org	nlwikimedia	en	English	open	public	public	Wikimedia Netherlands
nlwikinews	nl.wikinews.org	wikinews	nl	Dutch	open	public	public	Dutch Wikinews
nlwikiquote	nl.wikiquote.org	wikiquote	nl	Dutch	open	public	public	Dutch Wikiquote
nlwikisource	nl.wikisource.org	wikisource	nl	Dutch	open	public	public	Dutch Wikisource
nlwikivoyage	nl.wikivoyage.org	wikivoyage	nl	Dutch	open	public	public	Dutch Wikivoyage
nlwiktionary	nl.wiktionary.org	wiktionary	nl	Dutch	open	public	public	Dutch Wiktionary
nnwiki	nn.wikipedia.org	wikipedia	nn	Norwegian Nynorsk	open	public	public	Norwegian Nynorsk Wikipedia
nnwikiquote	nn.wikiquote.org	wikiquote	nn	Norwegian Nynorsk	open	public	public	Norwegian Nynorsk Wikiquote
nnwiktionary	nn.wiktionary.org	wiktionary	nn	Norwegian Nynorsk	open	public	public	Norwegian Nynorsk Wiktionary
noboard_chapterswikimedia	noboard-chapters.wikimedia.org	noboard-chapterswikimedia	en	English	open	private	private	Wikimedia Norway Internal Board
nostalgiawiki	nostalgia.wikipedia.org	nostalgia	en	English	open	public	private	Nostalgia Wikipedia
novwiki	nov.wikipedia.org	wikipedia	nov	Novial	open	public	public	Novial Wikipedia
nowiki	no.wikipedia.org	wikipedia	no	Norwegian	open	public	public	Norwegian Bokmål Wikipedia
nowikibooks	no.wikibooks.org	wikibooks	no	Norwegian	open	public	public	Norwegian Wikibooks
nowikimedia	no.wikimedia.org	nowikimedia	en	English	open	public	public	Wikimedia Norway
nowikinews	no.wikinews.org	wikinews	no	Norwegian	open	public	public	Norwegian Wikinews
nowikiquote	no.wikiquote.org	wikiquote	no	Norwegian	open	public	public	Norwegian Bokmål Wikiquote
nowikisource	no.wikisource.org	wikisource	no	Norwegian	open	public	public	Norwegian Wikisource
nowiktionary	no.wiktionary.org	wiktionary	no	Norwegian	open	public	public	Norwegian Bokmål Wiktionary
nqowiki	nqo.wikipedia.org	wikipedia	nqo	N’Ko	open	public	public	N'Ko Wikipedia
nrmwiki	nrm.wikipedia.org	wikipedia	nrm	Norman	open	public	public	Nouormand Wikipedia
nsowiki	nso.wikipedia.org	wikipedia	nso	Northern Sotho	open	public	public	Northern Sotho Wikipedia
nvwiki	nv.wikipedia.org	wikipedia	nv	Navajo	open	public	public	Navajo Wikipedia
nycwikimedia	nyc.wikimedia.org	nycwikimedia	en	English	open	public	public	Wikimedia New York City
nywiki	ny.wikipedia.org	wikipedia	ny	Nyanja	open	public	public	Nyanja Wikipedia
nzwikimedia	nz.wikimedia.org	nzwikimedia	en	English	closed	public	public	Wikimedia New Zealand
ocwiki	oc.wikipedia.org	wikipedia	oc	Occitan	open	public	public	Occitan Wikipedia
ocwikibooks	oc.wikibooks.org	wikibooks	oc	Occitan	open	public	public	Occitan Wikibooks
ocwiktionary	oc.wiktionary.org	wiktionary	oc	Occitan	open	public	public	Occitan Wiktionary
officewiki	office.wikimedia.org	office	en	English	open	private	private	Wikimedia Office
olowiki	olo.wikipedia.org	wikipedia	olo	Livvi-Karelian	open	public	public	Livvi-Karelian Wikipedia
ombudsmenwiki	ombuds.wikimedia.org	ombudsmen	en	English	open	private	private	Ombuds Committee
omwiki	om.wikipedia.org	wikipedia	om	Oromo	open	public	public	Oromo Wikipedia
omwiktionary	om.wiktionary.org	wiktionary	om	Oromo	open	public	public	Oromo Wiktionary
orwiki	or.wikipedia.org	wikipedia	or	Odia	open	public	public	Oriya Wikipedia
orwikisource	or.wikisource.org	wikisource	or	Odia	open	public	public	Oriya Wikisource
orwiktionary	or.wiktionary.org	wiktionary	or	Odia	open	public	public	Oriya Wiktionary
oswiki	os.wikipedia.org	wikipedia	os	Ossetic	open	public	public	Ossetic Wikipedia
otrs_wikiwiki	vrt-wiki.wikimedia.org	otrs-wiki	en	English	open	private	private	Volunteer Response Team
outreachwiki	outreach.wikimedia.org	outreach	en	English	open	public	public	Wikimedia Outreach
pa_uswikimedia	pa-us.wikimedia.org	pa-uswikimedia	en	English	closed	public	public	Wikimedia Pennsylvania
pagwiki	pag.wikipedia.org	wikipedia	pag	Pangasinan	open	public	public	Pangasinan Wikipedia
pamwiki	pam.wikipedia.org	wikipedia	pam	Pampanga	open	public	public	Pampanga Wikipedia
papwiki	pap.wikipedia.org	wikipedia	pap	Papiamento	open	public	public	Papiamento Wikipedia
pawiki	pa.wikipedia.org	wikipedia	pa	Punjabi	open	public	public	Punjabi Wikipedia
pawikibooks	pa.wikibooks.org	wikibooks	pa	Punjabi	open	public	public	Punjabi Wikibooks
pawikisource	pa.wikisource.org	wikisource	pa	Punjabi	open	public	public	Punjabi Wikisource
pawiktionary	pa.wiktionary.org	wiktionary	pa	Punjabi	open	public	public	Punjabi Wiktionary
pcdwiki	pcd.wikipedia.org	wikipedia	pcd	Picard	open	public	public	Picard Wikipedia
pcmwiki	pcm.wikipedia.org	wikipedia	pcm	Nigerian Pidgin	open	public	public	Nigerian Pidgin Wikipedia
pdcwiki	pdc.wikipedia.org	wikipedia	pdc	Pennsylvania German	open	public	public	Pennsylvania German Wikipedia
pflwiki	pfl.wikipedia.org	wikipedia	pfl	Palatine German	open	public	public	Palatine German Wikipedia
pihwiki	pih.wikipedia.org	wikipedia	pih	Norfuk-Pitkern	open	public	public	Norfuk / Pitkern Wikipedia
piwiki	pi.wikipedia.org	wikipedia	pi	Pali	open	public	public	Pali Wikipedia
piwiktionary	pi.wiktionary.org	wiktionary	pi	Pali	closed	public	public	Pali Wiktionary
plwiki	pl.wikipedia.org	wikipedia	pl	Polish	open	public	public	Polish Wikipedia
plwikibooks	pl.wikibooks.org	wikibooks	pl	Polish	open	public	public	Polish Wikibooks
plwikimedia	pl.wikimedia.org	plwikimedia	en	English	open	public	public	Wikimedia Poland
plwikinews	pl.wikinews.org	wikinews	pl	Polish	open	public	public	Polish Wikinews
plwikiquote	pl.wikiquote.org	wikiquote	pl	Polish	open	public	public	Polish Wikiquote
plwikisource	pl.wikisource.org	wikisource	pl	Polish	open	public	public	Polish Wikisource
plwikivoyage	pl.wikivoyage.org	wikivoyage	pl	Polish	open	public	public	Polish Wikivoyage
plwiktionary	pl.wiktionary.org	wiktionary	pl	Polish	open	public	public	Polish Wiktionary
pmswiki	pms.wikipedia.org	wikipedia	pms	Piedmontese	open	public	public	Piedmontese Wikipedia
pmswikisource	pms.wikisource.org	wikisource	pms	Piedmontese	open	public	public	Piedmontese Wikisource
pnbwiki	pnb.wikipedia.org	wikipedia	pnb	Western Punjabi	open	public	public	Western Punjabi Wikipedia
pnbwiktionary	pnb.wiktionary.org	wiktionary	pnb	Western Punjabi	open	public	public	Western Punjabi Wiktionary
pntwiki	pnt.wikipedia.org	wikipedia	pnt	Pontic	open	public	public	Pontic Wikipedia
projectcomwiki	projectcom.wikimedia.org	projectcom	en	English	open	private	private	Project Grants Committee
pswiki	ps.wikipedia.org	wikipedia	ps	Pashto	open	public	public	Pashto Wikipedia
pswikibooks	ps.wikibooks.org	wikibooks	ps	Pashto	closed	public	public	Pashto Wikibooks
pswikivoyage	ps.wikivoyage.org	wikivoyage	ps	Pashto	open	public	public	Pashto Wikivoyage
pswiktionary	ps.wiktionary.org	wiktionary	ps	Pashto	open	public	public	Pashto Wiktionary
ptwiki	pt.wikipedia.org	wikipedia	pt	Portuguese	open	public	public	Portuguese Wikipedia
ptwikibooks	pt.wikibooks.org	wikibooks	pt	Portuguese	open	public	public	Portuguese Wikibooks
ptwikimedia	pt.wikimedia.org	ptwikimedia	en	English	open	public	public	Wikimedia Portugal
ptwikinews	pt.wikinews.org	wikinews	pt	Portuguese	open	public	public	Portuguese Wikinews
ptwikiquote	pt.wikiquote.org	wikiquote	pt	Portuguese	open	public	public	Portuguese Wikiquote
ptwikisource	pt.wikisource.org	wikisource	pt	Portuguese	open	public	public	Portuguese Wikisource
ptwikiversity	pt.wikiversity.org	wikiversity	pt	Portuguese	open	public	public	Portuguese Wikiversity
ptwikivoyage	pt.wikivoyage.org	wikivoyage	pt	Portuguese	open	public	public	Portuguese Wikivoyage
ptwiktionary	pt.wiktionary.org	wiktionary	pt	Portuguese	open	public	public	Portuguese Wiktionary
punjabiwikimedia	punjabi.wikimedia.org	punjabiwikimedia	en	English	open	public	private	Punjabi Wikimedians
pwnwiki	pwn.wikipedia.org	wikipedia	pwn	Paiwan	open	public	public	Paiwan Wikipedia
qualitywiki	quality.wikimedia.org	quality	en	English	closed	public	public	Wikimedia Quality
quwiki	qu.wikipedia.org	wikipedia	qu	Quechua	open	public	public	Quechua Wikipedia
quwikibooks	qu.wikibooks.org	wikibooks	qu	Quechua	closed	public	public	Quechua Wikibooks
quwikiquote	qu.wikiquote.org	wikiquote	qu	Quechua	closed	public	public	Quechua Wikiquote
quwiktionary	qu.wiktionary.org	wiktionary	qu	Quechua	open	public	public	Quechua Wiktionary
rmwiki	rm.wikipedia.org	wikipedia	rm	Romansh	open	public	public	Romansh Wikipedia
rmwikibooks	rm.wikibooks.org	wikibooks	rm	Romansh	closed	public	public	Romansh Wikibooks
rmwiktionary	rm.wiktionary.org	wiktionary	rm	Romansh	closed	public	public	Romansh Wiktionary
rmywiki	rmy.wikipedia.org	wikipedia	rmy	Vlax Romani	open	public	public	Romani Wikipedia
rnwiki	rn.wikipedia.org	wikipedia	rn	Rundi	open	public	public	Rundi Wikipedia
rnwiktionary	rn.wiktionary.org	wiktionary	rn	Rundi	closed	public	public	Rundi Wiktionary
roa_rupwiki	roa-rup.wikipedia.org	wikipedia	roa-rup	Aromanian	open	public	public	Aromanian Wikipedia
roa_rupwiktionary	roa-rup.wiktionary.org	wiktionary	roa-rup	Aromanian	open	public	public	Aromanian Wiktionary
roa_tarawiki	roa-tara.wikipedia.org	wikipedia	roa-tara	Tarantino	open	public	public	Tarandíne Wikipedia
romdwikimedia	romd.wikimedia.org	romdwikimedia	en	English	open	public	private	Wikimedians of Romania and Moldova User Group
rowiki	ro.wikipedia.org	wikipedia	ro	Romanian	open	public	public	Romanian Wikipedia
rowikibooks	ro.wikibooks.org	wikibooks	ro	Romanian	open	public	public	Romanian Wikibooks
rowikinews	ro.wikinews.org	wikinews	ro	Romanian	open	public	public	Romanian Wikinews
rowikiquote	ro.wikiquote.org	wikiquote	ro	Romanian	open	public	public	Romanian Wikiquote
rowikisource	ro.wikisource.org	wikisource	ro	Romanian	open	public	public	Romanian Wikisource
rowikivoyage	ro.wikivoyage.org	wikivoyage	ro	Romanian	open	public	public	Romanian Wikivoyage
rowiktionary	ro.wiktionary.org	wiktionary	ro	Romanian	open	public	public	Romanian Wiktionary
rswikimedia	rs.wikimedia.org	rswikimedia	en	English	open	public	private	Wikimedia Serbia
ruewiki	rue.wikipedia.org	wikipedia	rue	Rusyn	open	public	public	Rusyn Wikipedia
ruwiki	ru.wikipedia.org	wikipedia	ru	Russian	open	public	public	Russian Wikipedia
ruwikibooks	ru.wikibooks.org	wikibooks	ru	Russian	open	public	public	Russian Wikibooks
ruwikimedia	ru.wikimedia.org	ruwikimedia	en	English	open	public	public	Wikimedia Russia
ruwikinews	ru.wikinews.org	wikinews	ru	Russian	open	public	public	Russian Wikinews
ruwikiquote	ru.wikiquote.org	wikiquote	ru	Russian	open	public	public	Russian Wikiquote
ruwikisource	ru.wikisource.org	wikisource	ru	Russian	open	public	public	Russian Wikisource
ruwikiversity	ru.wikiversity.org	wikiversity	ru	Russian	open	public	public	Russian Wikiversity
ruwikivoyage	ru.wikivoyage.org	wikivoyage	ru	Russian	open	public	public	Russian Wikivoyage
ruwiktionary	ru.wiktionary.org	wiktionary	ru	Russian	open	public	public	Russian Wiktionary
rwwiki	rw.wikipedia.org	wikipedia	rw	Kinyarwanda	open	public	public	Kinyarwanda Wikipedia
rwwiktionary	rw.wiktionary.org	wiktionary	rw	Kinyarwanda	open	public	public	Kinyarwanda Wiktionary
sahwiki	sah.wikipedia.org	wikipedia	sah	Yakut	open	public	public	Sakha Wikipedia
sahwikiquote	sah.wikiquote.org	wikiquote	sah	Yakut	open	public	public	Sakha Wikiquote
sahwikisource	sah.wikisource.org	wikisource	sah	Yakut	open	public	public	Sakha Wikisource
satwiki	sat.wikipedia.org	wikipedia	sat	Santali	open	public	public	Santali Wikipedia
sawiki	sa.wikipedia.org	wikipedia	sa	Sanskrit	open	public	public	Sanskrit Wikipedia
sawikibooks	sa.wikibooks.org	wikibooks	sa	Sanskrit	open	public	public	Sanskrit Wikibooks
sawikiquote	sa.wikiquote.org	wikiquote	sa	Sanskrit	open	public	public	Sanskrit Wikiquote
sawikisource	sa.wikisource.org	wikisource	sa	Sanskrit	open	public	public	Sanskrit Wikisource
sawiktionary	sa.wiktionary.org	wiktionary	sa	Sanskrit	open	public	public	Sanskrit Wiktionary
scnwiki	scn.wikipedia.org	wikipedia	scn	Sicilian	open	public	public	Sicilian Wikipedia
scnwiktionary	scn.wiktionary.org	wiktionary	scn	Sicilian	open	public	public	Sicilian Wiktionary
scowiki	sco.wikipedia.org	wikipedia	sco	Scots	open	public	public	Scots Wikipedia
scwiki	sc.wikipedia.org	wikipedia	sc	Sardinian	open	public	public	Sardinian Wikipedia
scwiktionary	sc.wiktionary.org	wiktionary	sc	Sardinian	closed	public	public	Sardinian Wiktionary
sdwiki	sd.wikipedia.org	wikipedia	sd	Sindhi	open	public	public	Sindhi Wikipedia
sdwikinews	sd.wikinews.org	wikinews	sd	Sindhi	closed	public	public	Sindhi Wikinews
sdwiktionary	sd.wiktionary.org	wiktionary	sd	Sindhi	open	public	public	Sindhi Wiktionary
searchcomwiki	searchcom.wikimedia.org	searchcom	en	English	closed	private	private	Search Committee
sewiki	se.wikipedia.org	wikipedia	se	Northern Sami	open	public	public	Northern Sami Wikipedia
sewikibooks	se.wikibooks.org	wikibooks	se	Northern Sami	closed	public	public	Northern Sami Wikibooks
sewikimedia	se.wikimedia.org	sewikimedia	en	English	open	public	public	Wikimedia Sweden
sgwiki	sg.wikipedia.org	wikipedia	sg	Sango	open	public	public	Sango Wikipedia
sgwiktionary	sg.wiktionary.org	wiktionary	sg	Sango	open	public	public	Sango Wiktionary
shiwiki	shi.wikipedia.org	wikipedia	shi	Tachelhit	open	public	public	Tachelhit Wikipedia
shnwiki	shn.wikipedia.org	wikipedia	shn	Shan	open	public	public	Shan Wikipedia
shnwikibooks	shn.wikibooks.org	wikibooks	shn	Shan	open	public	public	Shan Wikibooks
shnwikivoyage	shn.wikivoyage.org	wikivoyage	shn	Shan	open	public	public	Shan Wikivoyage
shnwiktionary	shn.wiktionary.org	wiktionary	shn	Shan	open	public	public	Shan Wiktionary
shwiki	sh.wikipedia.org	wikipedia	sh	Serbo-Croatian	open	public	public	Serbo-Croatian Wikipedia
shwiktionary	sh.wiktionary.org	wiktionary	sh	Serbo-Croatian	open	public	public	Serbo-Croatian Wiktionary
shywiktionary	shy.wiktionary.org	wiktionary	shy	Shawiya	open	public	public	Shawiya Wiktionary
simplewiki	simple.wikipedia.org	wikipedia	simple	Simple English	open	public	public	Simple English Wikipedia
simplewikibooks	simple.wikibooks.org	wikibooks	simple	Simple English	closed	public	public	Simple English Wikibooks
simplewikiquote	simple.wikiquote.org	wikiquote	simple	Simple English	closed	public	public	Simple English Wikiquote
simplewiktionary	simple.wiktionary.org	wiktionary	simple	Simple English	open	public	public	Simple English Wiktionary
siwiki	si.wikipedia.org	wikipedia	si	Sinhala	open	public	public	Sinhala Wikipedia
siwikibooks	si.wikibooks.org	wikibooks	si	Sinhala	open	public	public	Sinhala Wikibooks
siwiktionary	si.wiktionary.org	wiktionary	si	Sinhala	open	public	public	Sinhala Wiktionary
skrwiki	skr.wikipedia.org	wikipedia	skr	Saraiki	open	public	public	Saraiki Wikipedia
skrwiktionary	skr.wiktionary.org	wiktionary	skr	Saraiki	open	public	public	Saraiki Wiktionary
skwiki	sk.wikipedia.org	wikipedia	sk	Slovak	open	public	public	Slovak Wikipedia
skwikibooks	sk.wikibooks.org	wikibooks	sk	Slovak	open	public	public	Slovak Wikibooks
skwikiquote	sk.wikiquote.org	wikiquote	sk	Slovak	open	public	public	Slovak Wikiquote
skwikisource	sk.wikisource.org	wikisource	sk	Slovak	open	public	public	Slovak Wikisource
skwiktionary	sk.wiktionary.org	wiktionary	sk	Slovak	open	public	public	Slovak Wiktionary
slwiki	sl.wikipedia.org	wikipedia	sl	Slovenian	open	public	public	Slovenian Wikipedia
slwikibooks	sl.wikibooks.org	wikibooks	sl	Slovenian	open	public	public	Slovenian Wikibooks
slwikiquote	sl.wikiquote.org	wikiquote	sl	Slovenian	open	public	public	Slovenian Wikiquote
slwikisource	sl.wikisource.org	wikisource	sl	Slovenian	open	public	public	Slovenian Wikisource
slwikiversity	sl.wikiversity.org	wikiversity	sl	Slovenian	open	public	public	Slovenian Wikiversity
slwiktionary	sl.wiktionary.org	wiktionary	sl	Slovenian	open	public	public	Slovenian Wiktionary
smnwiki	smn.wikipedia.org	wikipedia	smn	Inari Sami	open	public	public	Inari Sami Wikipedia
smwiki	sm.wikipedia.org	wikipedia	sm	Samoan	open	public	public	Samoan Wikipedia
smwiktionary	sm.wiktionary.org	wiktionary	sm	Samoan	open	public	public	Samoan Wiktionary
snwiki	sn.wikipedia.org	wikipedia	sn	Shona	open	public	public	Shona Wikipedia
snwiktionary	sn.wiktionary.org	wiktionary	sn	Shona	closed	public	public	Shona Wiktionary
sourceswiki	wikisource.org	sources	en	English	open	public	public	Multilingual Wikisource
sowiki	so.wikipedia.org	wikipedia	so	Somali	open	public	public	Somali Wikipedia
sowiktionary	so.wiktionary.org	wiktionary	so	Somali	open	public	public	Somali Wiktionary
spcomwiki	spcom.wikimedia.org	spcom	en	English	closed	private	private	Spcom
specieswiki	species.wikimedia.org	species	en	English	open	public	public	Wikispecies
sqwiki	sq.wikipedia.org	wikipedia	sq	Albanian	open	public	public	Albanian Wikipedia
sqwikibooks	sq.wikibooks.org	wikibooks	sq	Albanian	open	public	public	Albanian Wikibooks
sqwikinews	sq.wikinews.org	wikinews	sq	Albanian	open	public	public	Albanian Wikinews
sqwikiquote	sq.wikiquote.org	wikiquote	sq	Albanian	open	public	public	Albanian Wikiquote
sqwiktionary	sq.wiktionary.org	wiktionary	sq	Albanian	open	public	public	Albanian Wiktionary
srnwiki	srn.wikipedia.org	wikipedia	srn	Sranan Tongo	open	public	public	Sranan Tongo Wikipedia
srwiki	sr.wikipedia.org	wikipedia	sr	Serbian	open	public	public	Serbian Wikipedia
srwikibooks	sr.wikibooks.org	wikibooks	sr	Serbian	open	public	public	Serbian Wikibooks
srwikinews	sr.wikinews.org	wikinews	sr	Serbian	open	public	public	Serbian Wikinews
srwikiquote	sr.wikiquote.org	wikiquote	sr	Serbian	open	public	public	Serbian Wikiquote
srwikisource	sr.wikisource.org	wikisource	sr	Serbian	open	public	public	Serbian Wikisource
srwiktionary	sr.wiktionary.org	wiktionary	sr	Serbian	open	public	public	Serbian Wiktionary
sswiki	ss.wikipedia.org	wikipedia	ss	Swati	open	public	public	Swati Wikipedia
sswiktionary	ss.wiktionary.org	wiktionary	ss	Swati	open	public	public	Swati Wiktionary
stewardwiki	steward.wikimedia.org	steward	en	English	open	private	private	Steward community
stqwiki	stq.wikipedia.org	wikipedia	stq	Saterland Frisian	open	public	public	Saterland Frisian Wikipedia
strategywiki	strategy.wikimedia.org	strategy	en	English	closed	public	public	Strategic Planning
stwiki	st.wikipedia.org	wikipedia	st	Southern Sotho	open	public	public	Southern Sotho Wikipedia
stwiktionary	st.wiktionary.org	wiktionary	st	Southern Sotho	open	public	public	Southern Sotho Wiktionary
suwiki	su.wikipedia.org	wikipedia	su	Sundanese	open	public	public	Sundanese Wikipedia
suwikibooks	su.wikibooks.org	wikibooks	su	Sundanese	closed	public	public	Sundanese Wikibooks
suwikiquote	su.wikiquote.org	wikiquote	su	Sundanese	open	public	public	Sundanese Wikiquote
suwiktionary	su.wiktionary.org	wiktionary	su	Sundanese	open	public	public	Sundanese Wiktionary
svwiki	sv.wikipedia.org	wikipedia	sv	Swedish	open	public	public	Swedish Wikipedia
svwikibooks	sv.wikibooks.org	wikibooks	sv	Swedish	open	public	public	Swedish Wikibooks
svwikinews	sv.wikinews.org	wikinews	sv	Swedish	open	public	public	Swedish Wikinews
svwikiquote	sv.wikiquote.org	wikiquote	sv	Swedish	open	public	public	Swedish Wikiquote
svwikisource	sv.wikisource.org	wikisource	sv	Swedish	open	public	public	Swedish Wikisource
svwikiversity	sv.wikiversity.org	wikiversity	sv	Swedish	open	public	public	Swedish Wikiversity
svwikivoyage	sv.wikivoyage.org	wikivoyage	sv	Swedish	open	public	public	Swedish Wikivoyage
svwiktionary	sv.wiktionary.org	wiktionary	sv	Swedish	open	public	public	Swedish Wiktionary
swwiki	sw.wikipedia.org	wikipedia	sw	Swahili	open	public	public	Swahili Wikipedia
swwikibooks	sw.wikibooks.org	wikibooks	sw	Swahili	closed	public	public	Swahili Wikibooks
swwiktionary	sw.wiktionary.org	wiktionary	sw	Swahili	open	public	public	Swahili Wiktionary
sysop_itwiki	sysop-it.wikipedia.org	sysop-it	en	English	open	private	private	Italian Wikipedia sysops
szlwiki	szl.wikipedia.org	wikipedia	szl	Silesian	open	public	public	Silesian Wikipedia
szywiki	szy.wikipedia.org	wikipedia	szy	Sakizaya	open	public	public	Sakizaya Wikipedia
tawiki	ta.wikipedia.org	wikipedia	ta	Tamil	open	public	public	Tamil Wikipedia
tawikibooks	ta.wikibooks.org	wikibooks	ta	Tamil	open	public	public	Tamil Wikibooks
tawikinews	ta.wikinews.org	wikinews	ta	Tamil	open	public	public	Tamil Wikinews
tawikiquote	ta.wikiquote.org	wikiquote	ta	Tamil	open	public	public	Tamil Wikiquote
tawikisource	ta.wikisource.org	wikisource	ta	Tamil	open	public	public	Tamil Wikisource
tawiktionary	ta.wiktionary.org	wiktionary	ta	Tamil	open	public	public	Tamil Wiktionary
taywiki	tay.wikipedia.org	wikipedia	tay	Atayal	open	public	public	Atayal Wikipedia
tcywiki	tcy.wikipedia.org	wikipedia	tcy	Tulu	open	public	public	Tulu Wikipedia
techconductwiki	techconduct.wikimedia.org	techconduct	en	English	open	private	private	Code of Conduct Committee for Technical Spaces
tenwiki	ten.wikipedia.org	ten	en	English	closed	public	public	Wikipedia 10
test2wiki	test2.wikipedia.org	test2	en	English	open	public	public	Test2 Wikipedia
testcommonswiki	test-commons.wikimedia.org	testcommons	en	English	closed	public	public	Commons Test Wiki
testwiki	test.wikipedia.org	test	en	English	open	public	public	Test Wikipedia
testwikidatawiki	test.wikidata.org	testwikidata	en	English	open	public	public	Test Wikidata
tetwiki	tet.wikipedia.org	wikipedia	tet	Tetum	open	public	public	Tetum Wikipedia
tewiki	te.wikipedia.org	wikipedia	te	Telugu	open	public	public	Telugu Wikipedia
tewikibooks	te.wikibooks.org	wikibooks	te	Telugu	open	public	public	Telugu Wikibooks
tewikiquote	te.wikiquote.org	wikiquote	te	Telugu	open	public	public	Telugu Wikiquote
tewikisource	te.wikisource.org	wikisource	te	Telugu	open	public	public	Telugu Wikisource
tewiktionary	te.wiktionary.org	wiktionary	te	Telugu	open	public	public	Telugu Wiktionary
tgwiki	tg.wikipedia.org	wikipedia	tg	Tajik	open	public	public	Tajik Wikipedia
tgwikibooks	tg.wikibooks.org	wikibooks	tg	Tajik	open	public	public	Tajik Wikibooks
tgwiktionary	tg.wiktionary.org	wiktionary	tg	Tajik	open	public	public	Tajik Wiktionary
thankyouwiki	thankyou.wikipedia.org	thankyou	en	English	open	public	private	Thank you
thwiki	th.wikipedia.org	wikipedia	th	Thai	open	public	public	Thai Wikipedia
thwikibooks	th.wikibooks.org	wikibooks	th	Thai	open	public	public	Thai Wikibooks
thwikinews	th.wikinews.org	wikinews	th	Thai	closed	public	public	Thai Wikinews
thwikiquote	th.wikiquote.org	wikiquote	th	Thai	open	public	public	Thai Wikiquote
thwikisource	th.wikisource.org	wikisource	th	Thai	open	public	public	Thai Wikisource
thwiktionary	th.wiktionary.org	wiktionary	th	Thai	open	public	public	Thai Wiktionary
tiwiki	ti.wikipedia.org	wikipedia	ti	Tigrinya	open	public	public	Tigrinya Wikipedia
tiwiktionary	ti.wiktionary.org	wiktionary	ti	Tigrinya	open	public	public	Tigrinya Wiktionary
tkwiki	tk.wikipedia.org	wikipedia	tk	Turkmen	open	public	public	Turkmen Wikipedia
tkwikibooks	tk.wikibooks.org	wikibooks	tk	Turkmen	closed	public	public	Turkmen Wikibooks
tkwikiquote	tk.wikiquote.org	wikiquote	tk	Turkmen	closed	public	public	Turkmen Wikiquote
tkwiktionary	tk.wiktionary.org	wiktionary	tk	Turkmen	open	public	public	Turkmen Wiktionary
tlwiki	tl.wikipedia.org	wikipedia	tl	Tagalog	open	public	public	Tagalog Wikipedia
tlwikibooks	tl.wikibooks.org	wikibooks	tl	Tagalog	open	public	public	Tagalog Wikibooks
tlwikiquote	tl.wikiquote.org	wikiquote	tl	Tagalog	open	public	public	Tagalog Wikiquote
tlwiktionary	tl.wiktionary.org	wiktionary	tl	Tagalog	open	public	public	Tagalog Wiktionary
tnwiki	tn.wikipedia.org	wikipedia	tn	Tswana	open	public	public	Tswana Wikipedia
tnwiktionary	tn.wiktionary.org	wiktionary	tn	Tswana	open	public	public	Tswana Wiktionary
towiki	to.wikipedia.org	wikipedia	to	Tongan	open	public	public	Tongan Wikipedia
towiktionary	to.wiktionary.org	wiktionary	to	Tongan	closed	public	public	Tongan Wiktionary
tpiwiki	tpi.wikipedia.org	wikipedia	tpi	Tok Pisin	open	public	public	Tok Pisin Wikipedia
tpiwiktionary	tpi.wiktionary.org	wiktionary	tpi	Tok Pisin	open	public	public	Tok Pisin Wiktionary
transitionteamwiki	transitionteam.wikimedia.org	transitionteam	en	English	closed	private	private	ED Transition Team
trvwiki	trv.wikipedia.org	wikipedia	trv	Taroko	open	public	public	Seediq Wikipedia
trwiki	tr.wikipedia.org	wikipedia	tr	Turkish	open	public	public	Turkish Wikipedia
trwikibooks	tr.wikibooks.org	wikibooks	tr	Turkish	open	public	public	Turkish Wikibooks
trwikimedia	tr.wikimedia.org	trwikimedia	en	English	open	public	public	Wikimedia Turkey
trwikinews	tr.wikinews.org	wikinews	tr	Turkish	closed	public	public	Turkish Wikinews
trwikiquote	tr.wikiquote.org	wikiquote	tr	Turkish	open	public	public	Turkish Wikiquote
trwikisource	tr.wikisource.org	wikisource	tr	Turkish	open	public	public	Turkish Wikisource
trwikivoyage	tr.wikivoyage.org	wikivoyage	tr	Turkish	open	public	public	Turkish Wikivoyage
trwiktionary	tr.wiktionary.org	wiktionary	tr	Turkish	open	public	public	Turkish Wiktionary
tswiki	ts.wikipedia.org	wikipedia	ts	Tsonga	open	public	public	Tsonga Wikipedia
tswiktionary	ts.wiktionary.org	wiktionary	ts	Tsonga	open	public	public	Tsonga Wiktionary
ttwiki	tt.wikipedia.org	wikipedia	tt	Tatar	open	public	public	Tatar Wikipedia
ttwikibooks	tt.wikibooks.org	wikibooks	tt	Tatar	open	public	public	Tatar Wikibooks
ttwikiquote	tt.wikiquote.org	wikiquote	tt	Tatar	closed	public	public	Tatar Wikiquote
ttwiktionary	tt.wiktionary.org	wiktionary	tt	Tatar	open	public	public	Tatar Wiktionary
tumwiki	tum.wikipedia.org	wikipedia	tum	Tumbuka	open	public	public	Tumbuka Wikipedia
twwiki	tw.wikipedia.org	wikipedia	tw	Twi	open	public	public	Twi Wikipedia
twwiktionary	tw.wiktionary.org	wiktionary	tw	Twi	closed	public	public	Twi Wiktionary
tyvwiki	tyv.wikipedia.org	wikipedia	tyv	Tuvinian	open	public	public	Tuvinian Wikipedia
tywiki	ty.wikipedia.org	wikipedia	ty	Tahitian	open	public	public	Tahitian Wikipedia
uawikimedia	ua.wikimedia.org	uawikimedia	en	English	open	public	public	Wikimedia Ukraine
udmwiki	udm.wikipedia.org	wikipedia	udm	Udmurt	open	public	public	Udmurt Wikipedia
ugwiki	ug.wikipedia.org	wikipedia	ug	Uyghur	open	public	public	Uyghur Wikipedia
ugwikibooks	ug.wikibooks.org	wikibooks	ug	Uyghur	closed	public	public	Uyghur Wikibooks
ugwikiquote	ug.wikiquote.org	wikiquote	ug	Uyghur	closed	public	public	Uyghur Wikiquote
ugwiktionary	ug.wiktionary.org	wiktionary	ug	Uyghur	open	public	public	Uyghur Wiktionary
ukwiki	uk.wikipedia.org	wikipedia	uk	Ukrainian	open	public	public	Ukrainian Wikipedia
ukwikibooks	uk.wikibooks.org	wikibooks	uk	Ukrainian	open	public	public	Ukrainian Wikibooks
ukwikinews	uk.wikinews.org	wikinews	uk	Ukrainian	open	public	public	Ukrainian Wikinews
ukwikiquote	uk.wikiquote.org	wikiquote	uk	Ukrainian	open	public	public	Ukrainian Wikiquote
ukwikisource	uk.wikisource.org	wikisource	uk	Ukrainian	open	public	public	Ukrainian Wikisource
ukwikivoyage	uk.wikivoyage.org	wikivoyage	uk	Ukrainian	open	public	public	Ukrainian Wikivoyage
ukwiktionary	uk.wiktionary.org	wiktionary	uk	Ukrainian	open	public	public	Ukrainian Wiktionary
urwiki	ur.wikipedia.org	wikipedia	ur	Urdu	open	public	public	Urdu Wikipedia
urwikibooks	ur.wikibooks.org	wikibooks	ur	Urdu	open	public	public	Urdu Wikibooks
urwikiquote	ur.wikiquote.org	wikiquote	ur	Urdu	open	public	public	Urdu Wikiquote
urwiktionary	ur.wiktionary.org	wiktionary	ur	Urdu	open	public	public	Urdu Wiktionary
usabilitywiki	usability.wikimedia.org	usability	en	English	closed	public	public	Wikimedia Usability Initiative
uzwiki	uz.wikipedia.org	wikipedia	uz	Uzbek	open	public	public	Uzbek Wikipedia
uzwikibooks	uz.wikibooks.org	wikibooks	uz	Uzbek	closed	public	public	Uzbek Wikibooks
uzwikiquote	uz.wikiquote.org	wikiquote	uz	Uzbek	open	public	public	Uzbek Wikiquote
uzwiktionary	uz.wiktionary.org	wiktionary	uz	Uzbek	open	public	public	Uzbek Wiktionary
vecwiki	vec.wikipedia.org	wikipedia	vec	Venetian	open	public	public	Venetian Wikipedia
vecwikisource	vec.wikisource.org	wikisource	vec	Venetian	open	public	public	Venetian Wikisource
vecwiktionary	vec.wiktionary.org	wiktionary	vec	Venetian	open	public	public	Venetian Wiktionary
vepwiki	vep.wikipedia.org	wikipedia	vep	Veps	open	public	public	Veps Wikipedia
vewiki	ve.wikipedia.org	wikipedia	ve	Venda	open	public	public	Venda Wikipedia
vewikimedia	ve.wikimedia.org	vewikimedia	en	English	open	public	private	Wikimedia Venezuela
viwiki	vi.wikipedia.org	wikipedia	vi	Vietnamese	open	public	public	Vietnamese Wikipedia
viwikibooks	vi.wikibooks.org	wikibooks	vi	Vietnamese	open	public	public	Vietnamese Wikibooks
viwikiquote	vi.wikiquote.org	wikiquote	vi	Vietnamese	open	public	public	Vietnamese Wikiquote
viwikisource	vi.wikisource.org	wikisource	vi	Vietnamese	open	public	public	Vietnamese Wikisource
viwikivoyage	vi.wikivoyage.org	wikivoyage	vi	Vietnamese	open	public	public	Vietnamese Wikivoyage
viwiktionary	vi.wiktionary.org	wiktionary	vi	Vietnamese	open	public	public	Vietnamese Wiktionary
vlswiki	vls.wikipedia.org	wikipedia	vls	West Flemish	open	public	public	West Flemish Wikipedia
votewiki	vote.wikimedia.org	vote	en	English	open	public	private	Wikimedia Vote
vowiki	vo.wikipedia.org	wikipedia	vo	Volapük	open	public	public	Volapük Wikipedia
vowikibooks	vo.wikibooks.org	wikibooks	vo	Volapük	closed	public	public	Volapük Wikibooks
vowikiquote	vo.wikiquote.org	wikiquote	vo	Volapük	closed	public	public	Volapük Wikiquote
vowiktionary	vo.wiktionary.org	wiktionary	vo	Volapük	open	public	public	Volapük Wiktionary
warwiki	war.wikipedia.org	wikipedia	war	Waray	open	public	public	Waray Wikipedia
wawiki	wa.wikipedia.org	wikipedia	wa	Walloon	open	public	public	Walloon Wikipedia
wawikibooks	wa.wikibooks.org	wikibooks	wa	Walloon	closed	public	public	Walloon Wikibooks
wawikisource	wa.wikisource.org	wikisource	wa	Walloon	open	public	public	Walloon Wikisource
wawiktionary	wa.wiktionary.org	wiktionary	wa	Walloon	open	public	public	Walloon Wiktionary
wbwikimedia	wb.wikimedia.org	wbwikimedia	en	English	open	public	private	West Bengal Wikimedians User Group 
wg_enwiki	wg-en.wikipedia.org	wg-en	en	English	open	private	private	English Wikipedia Working Group
wikidatawiki	www.wikidata.org	wikidata	en	English	open	public	public	Wikidata
wikimania2005wiki	wikimania2005.wikimedia.org	wikimania2005	en	English	closed	public	public	Wikimania 2005
wikimania2006wiki	wikimania2006.wikimedia.org	wikimania2006	en	English	closed	public	public	Wikimania 2006
wikimania2007wiki	wikimania2007.wikimedia.org	wikimania2007	en	English	closed	public	public	Wikimania 2007
wikimania2008wiki	wikimania2008.wikimedia.org	wikimania2008	en	English	closed	public	public	Wikimania 2008
wikimania2009wiki	wikimania2009.wikimedia.org	wikimania2009	en	English	closed	public	public	Wikimania 2009
wikimania2010wiki	wikimania2010.wikimedia.org	wikimania2010	en	English	closed	public	public	Wikimania 2010
wikimania2011wiki	wikimania2011.wikimedia.org	wikimania2011	en	English	closed	public	public	Wikimania 2011
wikimania2012wiki	wikimania2012.wikimedia.org	wikimania2012	en	English	closed	public	public	Wikimania 2012
wikimania2013wiki	wikimania2013.wikimedia.org	wikimania2013	en	English	closed	public	public	Wikimania 2013
wikimania2014wiki	wikimania2014.wikimedia.org	wikimania2014	en	English	closed	public	public	Wikimania 2014
wikimania2015wiki	wikimania2015.wikimedia.org	wikimania2015	en	English	closed	public	public	Wikimania 2015
wikimania2016wiki	wikimania2016.wikimedia.org	wikimania2016	en	English	closed	public	public	Wikimania 2016
wikimania2017wiki	wikimania2017.wikimedia.org	wikimania2017	en	English	closed	public	public	Wikimania 2017
wikimania2018wiki	wikimania2018.wikimedia.org	wikimania2018	en	English	closed	public	public	Wikimania 2018
wikimaniateamwiki	wikimaniateam.wikimedia.org	wikimaniateam	en	English	open	private	private	WikimaniaTeam
wikimaniawiki	wikimania.wikimedia.org	wikimania	en	English	open	public	public	Wikimania
wowiki	wo.wikipedia.org	wikipedia	wo	Wolof	open	public	public	Wolof Wikipedia
wowikiquote	wo.wikiquote.org	wikiquote	wo	Wolof	closed	public	public	Wolof Wikiquote
wowiktionary	wo.wiktionary.org	wiktionary	wo	Wolof	open	public	public	Wolof Wiktionary
wuuwiki	wuu.wikipedia.org	wikipedia	wuu	Wu Chinese	open	public	public	Wu Chinese Wikipedia
xalwiki	xal.wikipedia.org	wikipedia	xal	Kalmyk	open	public	public	Kalmyk Wikipedia
xhwiki	xh.wikipedia.org	wikipedia	xh	Xhosa	open	public	public	Xhosa Wikipedia
xhwikibooks	xh.wikibooks.org	wikibooks	xh	Xhosa	closed	public	public	Xhosa Wikibooks
xhwiktionary	xh.wiktionary.org	wiktionary	xh	Xhosa	closed	public	public	Xhosa Wiktionary
xmfwiki	xmf.wikipedia.org	wikipedia	xmf	Mingrelian	open	public	public	Mingrelian Wikipedia
yiwiki	yi.wikipedia.org	wikipedia	yi	Yiddish	open	public	public	Yiddish Wikipedia
yiwikisource	yi.wikisource.org	wikisource	yi	Yiddish	open	public	public	Yiddish Wikisource
yiwiktionary	yi.wiktionary.org	wiktionary	yi	Yiddish	open	public	public	Yiddish Wiktionary
yowiki	yo.wikipedia.org	wikipedia	yo	Yoruba	open	public	public	Yoruba Wikipedia
yowikibooks	yo.wikibooks.org	wikibooks	yo	Yoruba	closed	public	public	Yoruba Wikibooks
yowiktionary	yo.wiktionary.org	wiktionary	yo	Yoruba	closed	public	public	Yoruba Wiktionary
yuewiktionary	yue.wiktionary.org	wiktionary	yue	Cantonese	open	public	public	Cantonese Wiktionary
zawiki	za.wikipedia.org	wikipedia	za	Zhuang	open	public	public	Zhuang Wikipedia
zawikibooks	za.wikibooks.org	wikibooks	za	Zhuang	closed	public	public	Zhuang Wikibooks
zawikiquote	za.wikiquote.org	wikiquote	za	Zhuang	closed	public	public	Zhuang Wikiquote
zawiktionary	za.wiktionary.org	wiktionary	za	Zhuang	closed	public	public	Zhuang Wiktionary
zeawiki	zea.wikipedia.org	wikipedia	zea	Zeelandic	open	public	public	Zeelandic Wikipedia
zh_classicalwiki	zh-classical.wikipedia.org	wikipedia	zh-classical	Classical Chinese	open	public	public	Classical Chinese Wikipedia
zh_min_nanwiki	zh-min-nan.wikipedia.org	wikipedia	zh-min-nan	Chinese (Min Nan)	open	public	public	Min Nan Wikipedia
zh_min_nanwikibooks	zh-min-nan.wikibooks.org	wikibooks	zh-min-nan	Chinese (Min Nan)	closed	public	public	Min Nan Wikibooks
zh_min_nanwikiquote	zh-min-nan.wikiquote.org	wikiquote	zh-min-nan	Chinese (Min Nan)	closed	public	public	Min Nan Wikiquote
zh_min_nanwikisource	zh-min-nan.wikisource.org	wikisource	zh-min-nan	Chinese (Min Nan)	open	public	public	Min Nan Wikisource
zh_min_nanwiktionary	zh-min-nan.wiktionary.org	wiktionary	zh-min-nan	Chinese (Min Nan)	open	public	public	Min Nan Wiktionary
zh_yuewiki	zh-yue.wikipedia.org	wikipedia	zh-yue	Cantonese	open	public	public	Cantonese Wikipedia
zhwiki	zh.wikipedia.org	wikipedia	zh	Chinese	open	public	public	Chinese Wikipedia
zhwikibooks	zh.wikibooks.org	wikibooks	zh	Chinese	open	public	public	Chinese Wikibooks
zhwikinews	zh.wikinews.org	wikinews	zh	Chinese	open	public	public	Chinese Wikinews
zhwikiquote	zh.wikiquote.org	wikiquote	zh	Chinese	open	public	public	Chinese Wikiquote
zhwikisource	zh.wikisource.org	wikisource	zh	Chinese	open	public	public	Chinese Wikisource
zhwikiversity	zh.wikiversity.org	wikiversity	zh	Chinese	open	public	public	Chinese Wikiversity
zhwikivoyage	zh.wikivoyage.org	wikivoyage	zh	Chinese	open	public	public	Chinese Wikivoyage
zhwiktionary	zh.wiktionary.org	wiktionary	zh	Chinese	open	public	public	Chinese Wiktionary
zuwiki	zu.wikipedia.org	wikipedia	zu	Zulu	open	public	public	Zulu Wikipedia
zuwikibooks	zu.wikibooks.org	wikibooks	zu	Zulu	closed	public	public	Zulu Wikibooks
zuwiktionary	zu.wiktionary.org	wiktionary	zu	Zulu	open	public	public	Zulu Wiktionary
